/home/xujie-intern/xujie-intern/miniconda/envs/myllm/lib/python3.10/site-packages/transformers/utils/generic.py:441: FutureWarning: `torch.utils._pytree._register_pytree_node` is deprecated. Please use `torch.utils._pytree.register_pytree_node` instead.
  _torch_pytree._register_pytree_node(
/home/xujie-intern/xujie-intern/miniconda/envs/myllm/lib/python3.10/site-packages/transformers/utils/generic.py:309: FutureWarning: `torch.utils._pytree._register_pytree_node` is deprecated. Please use `torch.utils._pytree.register_pytree_node` instead.
  _torch_pytree._register_pytree_node(
/home/xujie-intern/xujie-intern/miniconda/envs/myllm/lib/python3.10/site-packages/transformers/utils/generic.py:309: FutureWarning: `torch.utils._pytree._register_pytree_node` is deprecated. Please use `torch.utils._pytree.register_pytree_node` instead.
  _torch_pytree._register_pytree_node(
OWQ CUDA kernel extension is not installed.
Loading checkpoint shards:   0%|          | 0/15 [00:00<?, ?it/s]Loading checkpoint shards:   7%|▋         | 1/15 [00:00<00:03,  3.75it/s]Loading checkpoint shards:  13%|█▎        | 2/15 [00:00<00:02,  5.24it/s]Loading checkpoint shards:  27%|██▋       | 4/15 [00:00<00:01,  8.48it/s]Loading checkpoint shards:  40%|████      | 6/15 [00:00<00:00,  9.54it/s]Loading checkpoint shards:  47%|████▋     | 7/15 [00:00<00:00,  9.61it/s]Loading checkpoint shards:  60%|██████    | 9/15 [00:00<00:00, 10.83it/s]Loading checkpoint shards:  73%|███████▎  | 11/15 [00:01<00:00, 10.76it/s]Loading checkpoint shards:  87%|████████▋ | 13/15 [00:01<00:00, 11.61it/s]Loading checkpoint shards: 100%|██████████| 15/15 [00:01<00:00, 12.18it/s]Loading checkpoint shards: 100%|██████████| 15/15 [00:01<00:00, 10.20it/s]
Starting AdaOWQ v3 (Adaptive Mixed-Precision OWQ) ...
Stage 1: Hessian-Activation Sensitivity Profiling...
Stage 2: Adaptive Budget Allocation (Zero Global Extra Budget)...
  [AdaOWQ Profiler] Global Base Outliers Total: 5600 | Adaptive Total: 5240
Stage 3: Quantizing with AdaOWQ Engine...
Quantizing model.layers.0.self_attn.q_proj (Allocated Outlier Cols=8)
    [Tier2 In-place Quant] 8 cols -> 8-bit Fake Quant, rel_err=0.003123
    [Summary] Outlier total: 12 (Tier1 FP16: 4, Tier2 INT8: 8) | Base INT3: 8180
Quantizing model.layers.0.self_attn.k_proj (Allocated Outlier Cols=8)
    [Tier2 In-place Quant] 8 cols -> 8-bit Fake Quant, rel_err=0.003191
    [Summary] Outlier total: 12 (Tier1 FP16: 4, Tier2 INT8: 8) | Base INT3: 8180
Quantizing model.layers.0.self_attn.v_proj (Allocated Outlier Cols=6)
    [Tier2 In-place Quant] 6 cols -> 8-bit Fake Quant, rel_err=0.003043
    [Summary] Outlier total: 9 (Tier1 FP16: 3, Tier2 INT8: 6) | Base INT3: 8183
Quantizing model.layers.0.self_attn.o_proj (Allocated Outlier Cols=6)
    [Tier2 In-place Quant] 6 cols -> 8-bit Fake Quant, rel_err=0.002559
    [Summary] Outlier total: 9 (Tier1 FP16: 3, Tier2 INT8: 6) | Base INT3: 8183
Quantizing model.layers.0.mlp.up_proj (Allocated Outlier Cols=2)
    [Tier2 In-place Quant] 2 cols -> 8-bit Fake Quant, rel_err=0.001709
    [Summary] Outlier total: 3 (Tier1 FP16: 1, Tier2 INT8: 2) | Base INT3: 8189
Quantizing model.layers.0.mlp.gate_proj (Allocated Outlier Cols=2)
    [Tier2 In-place Quant] 2 cols -> 8-bit Fake Quant, rel_err=0.001907
    [Summary] Outlier total: 3 (Tier1 FP16: 1, Tier2 INT8: 2) | Base INT3: 8189
Quantizing model.layers.0.mlp.down_proj (Allocated Outlier Cols=8)
    [Tier2 In-place Quant] 8 cols -> 8-bit Fake Quant, rel_err=0.003523
    [Summary] Outlier total: 12 (Tier1 FP16: 4, Tier2 INT8: 8) | Base INT3: 28660
Quantizing model.layers.1.self_attn.q_proj (Allocated Outlier Cols=8)
    [Tier2 In-place Quant] 8 cols -> 8-bit Fake Quant, rel_err=0.003375
    [Summary] Outlier total: 12 (Tier1 FP16: 4, Tier2 INT8: 8) | Base INT3: 8180
Quantizing model.layers.1.self_attn.k_proj (Allocated Outlier Cols=8)
    [Tier2 In-place Quant] 8 cols -> 8-bit Fake Quant, rel_err=0.003167
    [Summary] Outlier total: 12 (Tier1 FP16: 4, Tier2 INT8: 8) | Base INT3: 8180
Quantizing model.layers.1.self_attn.v_proj (Allocated Outlier Cols=6)
    [Tier2 In-place Quant] 6 cols -> 8-bit Fake Quant, rel_err=0.003430
    [Summary] Outlier total: 9 (Tier1 FP16: 3, Tier2 INT8: 6) | Base INT3: 8183
Quantizing model.layers.1.self_attn.o_proj (Allocated Outlier Cols=6)
    [Tier2 In-place Quant] 6 cols -> 8-bit Fake Quant, rel_err=0.003044
    [Summary] Outlier total: 9 (Tier1 FP16: 3, Tier2 INT8: 6) | Base INT3: 8183
Quantizing model.layers.1.mlp.up_proj (Allocated Outlier Cols=4)
    [Tier2 In-place Quant] 4 cols -> 8-bit Fake Quant, rel_err=0.002621
    [Summary] Outlier total: 6 (Tier1 FP16: 2, Tier2 INT8: 4) | Base INT3: 8186
Quantizing model.layers.1.mlp.gate_proj (Allocated Outlier Cols=4)
    [Tier2 In-place Quant] 4 cols -> 8-bit Fake Quant, rel_err=0.002471
    [Summary] Outlier total: 6 (Tier1 FP16: 2, Tier2 INT8: 4) | Base INT3: 8186
Quantizing model.layers.1.mlp.down_proj (Allocated Outlier Cols=8)
    [Tier2 In-place Quant] 8 cols -> 8-bit Fake Quant, rel_err=0.003389
    [Summary] Outlier total: 12 (Tier1 FP16: 4, Tier2 INT8: 8) | Base INT3: 28660
Quantizing model.layers.2.self_attn.q_proj (Allocated Outlier Cols=8)
    [Tier2 In-place Quant] 8 cols -> 8-bit Fake Quant, rel_err=0.003378
    [Summary] Outlier total: 12 (Tier1 FP16: 4, Tier2 INT8: 8) | Base INT3: 8180
Quantizing model.layers.2.self_attn.k_proj (Allocated Outlier Cols=8)
    [Tier2 In-place Quant] 8 cols -> 8-bit Fake Quant, rel_err=0.003434
    [Summary] Outlier total: 12 (Tier1 FP16: 4, Tier2 INT8: 8) | Base INT3: 8180
Quantizing model.layers.2.self_attn.v_proj (Allocated Outlier Cols=6)
    [Tier2 In-place Quant] 6 cols -> 8-bit Fake Quant, rel_err=0.002986
    [Summary] Outlier total: 9 (Tier1 FP16: 3, Tier2 INT8: 6) | Base INT3: 8183
Quantizing model.layers.2.self_attn.o_proj (Allocated Outlier Cols=6)
    [Tier2 In-place Quant] 6 cols -> 8-bit Fake Quant, rel_err=0.003022
    [Summary] Outlier total: 9 (Tier1 FP16: 3, Tier2 INT8: 6) | Base INT3: 8183
Quantizing model.layers.2.mlp.up_proj (Allocated Outlier Cols=4)
    [Tier2 In-place Quant] 4 cols -> 8-bit Fake Quant, rel_err=0.002572
    [Summary] Outlier total: 6 (Tier1 FP16: 2, Tier2 INT8: 4) | Base INT3: 8186
Quantizing model.layers.2.mlp.gate_proj (Allocated Outlier Cols=4)
    [Tier2 In-place Quant] 4 cols -> 8-bit Fake Quant, rel_err=0.002613
    [Summary] Outlier total: 6 (Tier1 FP16: 2, Tier2 INT8: 4) | Base INT3: 8186
Quantizing model.layers.2.mlp.down_proj (Allocated Outlier Cols=8)
    [Tier2 In-place Quant] 8 cols -> 8-bit Fake Quant, rel_err=0.003438
    [Summary] Outlier total: 12 (Tier1 FP16: 4, Tier2 INT8: 8) | Base INT3: 28660
Quantizing model.layers.3.self_attn.q_proj (Allocated Outlier Cols=10)
    [Tier2 In-place Quant] 11 cols -> 8-bit Fake Quant, rel_err=0.003929
    [Summary] Outlier total: 15 (Tier1 FP16: 4, Tier2 INT8: 11) | Base INT3: 8177
Quantizing model.layers.3.self_attn.k_proj (Allocated Outlier Cols=8)
    [Tier2 In-place Quant] 8 cols -> 8-bit Fake Quant, rel_err=0.003295
    [Summary] Outlier total: 12 (Tier1 FP16: 4, Tier2 INT8: 8) | Base INT3: 8180
Quantizing model.layers.3.self_attn.v_proj (Allocated Outlier Cols=8)
    [Tier2 In-place Quant] 8 cols -> 8-bit Fake Quant, rel_err=0.003420
    [Summary] Outlier total: 12 (Tier1 FP16: 4, Tier2 INT8: 8) | Base INT3: 8180
Quantizing model.layers.3.self_attn.o_proj (Allocated Outlier Cols=6)
    [Tier2 In-place Quant] 6 cols -> 8-bit Fake Quant, rel_err=0.003065
    [Summary] Outlier total: 9 (Tier1 FP16: 3, Tier2 INT8: 6) | Base INT3: 8183
Quantizing model.layers.3.mlp.up_proj (Allocated Outlier Cols=4)
    [Tier2 In-place Quant] 4 cols -> 8-bit Fake Quant, rel_err=0.002576
    [Summary] Outlier total: 6 (Tier1 FP16: 2, Tier2 INT8: 4) | Base INT3: 8186
Quantizing model.layers.3.mlp.gate_proj (Allocated Outlier Cols=4)
    [Tier2 In-place Quant] 4 cols -> 8-bit Fake Quant, rel_err=0.002612
    [Summary] Outlier total: 6 (Tier1 FP16: 2, Tier2 INT8: 4) | Base INT3: 8186
Quantizing model.layers.3.mlp.down_proj (Allocated Outlier Cols=8)
    [Tier2 In-place Quant] 8 cols -> 8-bit Fake Quant, rel_err=0.003439
    [Summary] Outlier total: 12 (Tier1 FP16: 4, Tier2 INT8: 8) | Base INT3: 28660
Quantizing model.layers.4.self_attn.q_proj (Allocated Outlier Cols=10)
    [Tier2 In-place Quant] 11 cols -> 8-bit Fake Quant, rel_err=0.003943
    [Summary] Outlier total: 15 (Tier1 FP16: 4, Tier2 INT8: 11) | Base INT3: 8177
Quantizing model.layers.4.self_attn.k_proj (Allocated Outlier Cols=10)
    [Tier2 In-place Quant] 11 cols -> 8-bit Fake Quant, rel_err=0.003671
    [Summary] Outlier total: 15 (Tier1 FP16: 4, Tier2 INT8: 11) | Base INT3: 8177
Quantizing model.layers.4.self_attn.v_proj (Allocated Outlier Cols=8)
    [Tier2 In-place Quant] 8 cols -> 8-bit Fake Quant, rel_err=0.003293
    [Summary] Outlier total: 12 (Tier1 FP16: 4, Tier2 INT8: 8) | Base INT3: 8180
Quantizing model.layers.4.self_attn.o_proj (Allocated Outlier Cols=6)
    [Tier2 In-place Quant] 6 cols -> 8-bit Fake Quant, rel_err=0.003121
    [Summary] Outlier total: 9 (Tier1 FP16: 3, Tier2 INT8: 6) | Base INT3: 8183
Quantizing model.layers.4.mlp.up_proj (Allocated Outlier Cols=4)
    [Tier2 In-place Quant] 4 cols -> 8-bit Fake Quant, rel_err=0.002619
    [Summary] Outlier total: 6 (Tier1 FP16: 2, Tier2 INT8: 4) | Base INT3: 8186
Quantizing model.layers.4.mlp.gate_proj (Allocated Outlier Cols=4)
    [Tier2 In-place Quant] 4 cols -> 8-bit Fake Quant, rel_err=0.002628
    [Summary] Outlier total: 6 (Tier1 FP16: 2, Tier2 INT8: 4) | Base INT3: 8186
Quantizing model.layers.4.mlp.down_proj (Allocated Outlier Cols=8)
    [Tier2 In-place Quant] 8 cols -> 8-bit Fake Quant, rel_err=0.003372
    [Summary] Outlier total: 12 (Tier1 FP16: 4, Tier2 INT8: 8) | Base INT3: 28660
Quantizing model.layers.5.self_attn.q_proj (Allocated Outlier Cols=10)
    [Tier2 In-place Quant] 11 cols -> 8-bit Fake Quant, rel_err=0.003929
    [Summary] Outlier total: 15 (Tier1 FP16: 4, Tier2 INT8: 11) | Base INT3: 8177
Quantizing model.layers.5.self_attn.k_proj (Allocated Outlier Cols=10)
    [Tier2 In-place Quant] 11 cols -> 8-bit Fake Quant, rel_err=0.003719
    [Summary] Outlier total: 15 (Tier1 FP16: 4, Tier2 INT8: 11) | Base INT3: 8177
Quantizing model.layers.5.self_attn.v_proj (Allocated Outlier Cols=8)
    [Tier2 In-place Quant] 8 cols -> 8-bit Fake Quant, rel_err=0.003461
    [Summary] Outlier total: 12 (Tier1 FP16: 4, Tier2 INT8: 8) | Base INT3: 8180
Quantizing model.layers.5.self_attn.o_proj (Allocated Outlier Cols=8)
    [Tier2 In-place Quant] 8 cols -> 8-bit Fake Quant, rel_err=0.003402
    [Summary] Outlier total: 12 (Tier1 FP16: 4, Tier2 INT8: 8) | Base INT3: 8180
Quantizing model.layers.5.mlp.up_proj (Allocated Outlier Cols=4)
    [Tier2 In-place Quant] 4 cols -> 8-bit Fake Quant, rel_err=0.002565
    [Summary] Outlier total: 6 (Tier1 FP16: 2, Tier2 INT8: 4) | Base INT3: 8186
Quantizing model.layers.5.mlp.gate_proj (Allocated Outlier Cols=4)
    [Tier2 In-place Quant] 4 cols -> 8-bit Fake Quant, rel_err=0.002633
    [Summary] Outlier total: 6 (Tier1 FP16: 2, Tier2 INT8: 4) | Base INT3: 8186
Quantizing model.layers.5.mlp.down_proj (Allocated Outlier Cols=8)
    [Tier2 In-place Quant] 8 cols -> 8-bit Fake Quant, rel_err=0.003366
    [Summary] Outlier total: 12 (Tier1 FP16: 4, Tier2 INT8: 8) | Base INT3: 28660
Quantizing model.layers.6.self_attn.q_proj (Allocated Outlier Cols=10)
    [Tier2 In-place Quant] 11 cols -> 8-bit Fake Quant, rel_err=0.003948
    [Summary] Outlier total: 15 (Tier1 FP16: 4, Tier2 INT8: 11) | Base INT3: 8177
Quantizing model.layers.6.self_attn.k_proj (Allocated Outlier Cols=10)
    [Tier2 In-place Quant] 11 cols -> 8-bit Fake Quant, rel_err=0.003663
    [Summary] Outlier total: 15 (Tier1 FP16: 4, Tier2 INT8: 11) | Base INT3: 8177
Quantizing model.layers.6.self_attn.v_proj (Allocated Outlier Cols=8)
    [Tier2 In-place Quant] 8 cols -> 8-bit Fake Quant, rel_err=0.003386
    [Summary] Outlier total: 12 (Tier1 FP16: 4, Tier2 INT8: 8) | Base INT3: 8180
Quantizing model.layers.6.self_attn.o_proj (Allocated Outlier Cols=8)
    [Tier2 In-place Quant] 8 cols -> 8-bit Fake Quant, rel_err=0.003325
    [Summary] Outlier total: 12 (Tier1 FP16: 4, Tier2 INT8: 8) | Base INT3: 8180
Quantizing model.layers.6.mlp.up_proj (Allocated Outlier Cols=4)
    [Tier2 In-place Quant] 4 cols -> 8-bit Fake Quant, rel_err=0.002470
    [Summary] Outlier total: 6 (Tier1 FP16: 2, Tier2 INT8: 4) | Base INT3: 8186
Quantizing model.layers.6.mlp.gate_proj (Allocated Outlier Cols=4)
    [Tier2 In-place Quant] 4 cols -> 8-bit Fake Quant, rel_err=0.002614
    [Summary] Outlier total: 6 (Tier1 FP16: 2, Tier2 INT8: 4) | Base INT3: 8186
Quantizing model.layers.6.mlp.down_proj (Allocated Outlier Cols=8)
    [Tier2 In-place Quant] 8 cols -> 8-bit Fake Quant, rel_err=0.003432
    [Summary] Outlier total: 12 (Tier1 FP16: 4, Tier2 INT8: 8) | Base INT3: 28660
Quantizing model.layers.7.self_attn.q_proj (Allocated Outlier Cols=12)
    [Tier2 In-place Quant] 13 cols -> 8-bit Fake Quant, rel_err=0.004214
    [Summary] Outlier total: 18 (Tier1 FP16: 5, Tier2 INT8: 13) | Base INT3: 8174
Quantizing model.layers.7.self_attn.k_proj (Allocated Outlier Cols=10)
    [Tier2 In-place Quant] 11 cols -> 8-bit Fake Quant, rel_err=0.003602
    [Summary] Outlier total: 15 (Tier1 FP16: 4, Tier2 INT8: 11) | Base INT3: 8177
Quantizing model.layers.7.self_attn.v_proj (Allocated Outlier Cols=8)
    [Tier2 In-place Quant] 8 cols -> 8-bit Fake Quant, rel_err=0.003355
    [Summary] Outlier total: 12 (Tier1 FP16: 4, Tier2 INT8: 8) | Base INT3: 8180
Quantizing model.layers.7.self_attn.o_proj (Allocated Outlier Cols=8)
    [Tier2 In-place Quant] 8 cols -> 8-bit Fake Quant, rel_err=0.003415
    [Summary] Outlier total: 12 (Tier1 FP16: 4, Tier2 INT8: 8) | Base INT3: 8180
Quantizing model.layers.7.mlp.up_proj (Allocated Outlier Cols=4)
    [Tier2 In-place Quant] 4 cols -> 8-bit Fake Quant, rel_err=0.002445
    [Summary] Outlier total: 6 (Tier1 FP16: 2, Tier2 INT8: 4) | Base INT3: 8186
Quantizing model.layers.7.mlp.gate_proj (Allocated Outlier Cols=4)
    [Tier2 In-place Quant] 4 cols -> 8-bit Fake Quant, rel_err=0.002592
    [Summary] Outlier total: 6 (Tier1 FP16: 2, Tier2 INT8: 4) | Base INT3: 8186
Quantizing model.layers.7.mlp.down_proj (Allocated Outlier Cols=8)
    [Tier2 In-place Quant] 8 cols -> 8-bit Fake Quant, rel_err=0.003484
    [Summary] Outlier total: 12 (Tier1 FP16: 4, Tier2 INT8: 8) | Base INT3: 28660
Quantizing model.layers.8.self_attn.q_proj (Allocated Outlier Cols=12)
    [Tier2 In-place Quant] 13 cols -> 8-bit Fake Quant, rel_err=0.003743
    [Summary] Outlier total: 18 (Tier1 FP16: 5, Tier2 INT8: 13) | Base INT3: 8174
Quantizing model.layers.8.self_attn.k_proj (Allocated Outlier Cols=10)
    [Tier2 In-place Quant] 11 cols -> 8-bit Fake Quant, rel_err=0.003652
    [Summary] Outlier total: 15 (Tier1 FP16: 4, Tier2 INT8: 11) | Base INT3: 8177
Quantizing model.layers.8.self_attn.v_proj (Allocated Outlier Cols=8)
    [Tier2 In-place Quant] 8 cols -> 8-bit Fake Quant, rel_err=0.003542
    [Summary] Outlier total: 12 (Tier1 FP16: 4, Tier2 INT8: 8) | Base INT3: 8180
Quantizing model.layers.8.self_attn.o_proj (Allocated Outlier Cols=8)
    [Tier2 In-place Quant] 8 cols -> 8-bit Fake Quant, rel_err=0.003338
    [Summary] Outlier total: 12 (Tier1 FP16: 4, Tier2 INT8: 8) | Base INT3: 8180
Quantizing model.layers.8.mlp.up_proj (Allocated Outlier Cols=4)
    [Tier2 In-place Quant] 4 cols -> 8-bit Fake Quant, rel_err=0.002437
    [Summary] Outlier total: 6 (Tier1 FP16: 2, Tier2 INT8: 4) | Base INT3: 8186
Quantizing model.layers.8.mlp.gate_proj (Allocated Outlier Cols=4)
    [Tier2 In-place Quant] 4 cols -> 8-bit Fake Quant, rel_err=0.002670
    [Summary] Outlier total: 6 (Tier1 FP16: 2, Tier2 INT8: 4) | Base INT3: 8186
Quantizing model.layers.8.mlp.down_proj (Allocated Outlier Cols=20)
    [Tier2 In-place Quant] 21 cols -> 8-bit Fake Quant, rel_err=0.004636
    [Summary] Outlier total: 30 (Tier1 FP16: 9, Tier2 INT8: 21) | Base INT3: 28642
Quantizing model.layers.9.self_attn.q_proj (Allocated Outlier Cols=12)
    [Tier2 In-place Quant] 13 cols -> 8-bit Fake Quant, rel_err=0.003784
    [Summary] Outlier total: 18 (Tier1 FP16: 5, Tier2 INT8: 13) | Base INT3: 8174
Quantizing model.layers.9.self_attn.k_proj (Allocated Outlier Cols=10)
    [Tier2 In-place Quant] 11 cols -> 8-bit Fake Quant, rel_err=0.003663
    [Summary] Outlier total: 15 (Tier1 FP16: 4, Tier2 INT8: 11) | Base INT3: 8177
Quantizing model.layers.9.self_attn.v_proj (Allocated Outlier Cols=8)
    [Tier2 In-place Quant] 8 cols -> 8-bit Fake Quant, rel_err=0.003460
    [Summary] Outlier total: 12 (Tier1 FP16: 4, Tier2 INT8: 8) | Base INT3: 8180
Quantizing model.layers.9.self_attn.o_proj (Allocated Outlier Cols=8)
    [Tier2 In-place Quant] 8 cols -> 8-bit Fake Quant, rel_err=0.003383
    [Summary] Outlier total: 12 (Tier1 FP16: 4, Tier2 INT8: 8) | Base INT3: 8180
Quantizing model.layers.9.mlp.up_proj (Allocated Outlier Cols=4)
    [Tier2 In-place Quant] 4 cols -> 8-bit Fake Quant, rel_err=0.002493
    [Summary] Outlier total: 6 (Tier1 FP16: 2, Tier2 INT8: 4) | Base INT3: 8186
Quantizing model.layers.9.mlp.gate_proj (Allocated Outlier Cols=4)
    [Tier2 In-place Quant] 4 cols -> 8-bit Fake Quant, rel_err=0.002611
    [Summary] Outlier total: 6 (Tier1 FP16: 2, Tier2 INT8: 4) | Base INT3: 8186
Quantizing model.layers.9.mlp.down_proj (Allocated Outlier Cols=8)
    [Tier2 In-place Quant] 8 cols -> 8-bit Fake Quant, rel_err=0.003355
    [Summary] Outlier total: 12 (Tier1 FP16: 4, Tier2 INT8: 8) | Base INT3: 28660
Quantizing model.layers.10.self_attn.q_proj (Allocated Outlier Cols=10)
    [Tier2 In-place Quant] 11 cols -> 8-bit Fake Quant, rel_err=0.003577
    [Summary] Outlier total: 15 (Tier1 FP16: 4, Tier2 INT8: 11) | Base INT3: 8177
Quantizing model.layers.10.self_attn.k_proj (Allocated Outlier Cols=10)
    [Tier2 In-place Quant] 11 cols -> 8-bit Fake Quant, rel_err=0.003671
    [Summary] Outlier total: 15 (Tier1 FP16: 4, Tier2 INT8: 11) | Base INT3: 8177
Quantizing model.layers.10.self_attn.v_proj (Allocated Outlier Cols=8)
    [Tier2 In-place Quant] 8 cols -> 8-bit Fake Quant, rel_err=0.003443
    [Summary] Outlier total: 12 (Tier1 FP16: 4, Tier2 INT8: 8) | Base INT3: 8180
Quantizing model.layers.10.self_attn.o_proj (Allocated Outlier Cols=8)
    [Tier2 In-place Quant] 8 cols -> 8-bit Fake Quant, rel_err=0.003594
    [Summary] Outlier total: 12 (Tier1 FP16: 4, Tier2 INT8: 8) | Base INT3: 8180
Quantizing model.layers.10.mlp.up_proj (Allocated Outlier Cols=4)
    [Tier2 In-place Quant] 4 cols -> 8-bit Fake Quant, rel_err=0.002477
    [Summary] Outlier total: 6 (Tier1 FP16: 2, Tier2 INT8: 4) | Base INT3: 8186
Quantizing model.layers.10.mlp.gate_proj (Allocated Outlier Cols=4)
    [Tier2 In-place Quant] 4 cols -> 8-bit Fake Quant, rel_err=0.002441
    [Summary] Outlier total: 6 (Tier1 FP16: 2, Tier2 INT8: 4) | Base INT3: 8186
Quantizing model.layers.10.mlp.down_proj (Allocated Outlier Cols=8)
    [Tier2 In-place Quant] 8 cols -> 8-bit Fake Quant, rel_err=0.003394
    [Summary] Outlier total: 12 (Tier1 FP16: 4, Tier2 INT8: 8) | Base INT3: 28660
Quantizing model.layers.11.self_attn.q_proj (Allocated Outlier Cols=12)
    [Tier2 In-place Quant] 13 cols -> 8-bit Fake Quant, rel_err=0.003770
    [Summary] Outlier total: 18 (Tier1 FP16: 5, Tier2 INT8: 13) | Base INT3: 8174
Quantizing model.layers.11.self_attn.k_proj (Allocated Outlier Cols=10)
    [Tier2 In-place Quant] 11 cols -> 8-bit Fake Quant, rel_err=0.003573
    [Summary] Outlier total: 15 (Tier1 FP16: 4, Tier2 INT8: 11) | Base INT3: 8177
Quantizing model.layers.11.self_attn.v_proj (Allocated Outlier Cols=8)
    [Tier2 In-place Quant] 8 cols -> 8-bit Fake Quant, rel_err=0.003392
    [Summary] Outlier total: 12 (Tier1 FP16: 4, Tier2 INT8: 8) | Base INT3: 8180
Quantizing model.layers.11.self_attn.o_proj (Allocated Outlier Cols=8)
    [Tier2 In-place Quant] 8 cols -> 8-bit Fake Quant, rel_err=0.003439
    [Summary] Outlier total: 12 (Tier1 FP16: 4, Tier2 INT8: 8) | Base INT3: 8180
Quantizing model.layers.11.mlp.up_proj (Allocated Outlier Cols=4)
    [Tier2 In-place Quant] 4 cols -> 8-bit Fake Quant, rel_err=0.002473
    [Summary] Outlier total: 6 (Tier1 FP16: 2, Tier2 INT8: 4) | Base INT3: 8186
Quantizing model.layers.11.mlp.gate_proj (Allocated Outlier Cols=4)
    [Tier2 In-place Quant] 4 cols -> 8-bit Fake Quant, rel_err=0.002644
    [Summary] Outlier total: 6 (Tier1 FP16: 2, Tier2 INT8: 4) | Base INT3: 8186
Quantizing model.layers.11.mlp.down_proj (Allocated Outlier Cols=8)
    [Tier2 In-place Quant] 8 cols -> 8-bit Fake Quant, rel_err=0.003413
    [Summary] Outlier total: 12 (Tier1 FP16: 4, Tier2 INT8: 8) | Base INT3: 28660
Quantizing model.layers.12.self_attn.q_proj (Allocated Outlier Cols=10)
    [Tier2 In-place Quant] 11 cols -> 8-bit Fake Quant, rel_err=0.003611
    [Summary] Outlier total: 15 (Tier1 FP16: 4, Tier2 INT8: 11) | Base INT3: 8177
Quantizing model.layers.12.self_attn.k_proj (Allocated Outlier Cols=10)
    [Tier2 In-place Quant] 11 cols -> 8-bit Fake Quant, rel_err=0.003673
    [Summary] Outlier total: 15 (Tier1 FP16: 4, Tier2 INT8: 11) | Base INT3: 8177
Quantizing model.layers.12.self_attn.v_proj (Allocated Outlier Cols=8)
    [Tier2 In-place Quant] 8 cols -> 8-bit Fake Quant, rel_err=0.003454
    [Summary] Outlier total: 12 (Tier1 FP16: 4, Tier2 INT8: 8) | Base INT3: 8180
Quantizing model.layers.12.self_attn.o_proj (Allocated Outlier Cols=8)
    [Tier2 In-place Quant] 8 cols -> 8-bit Fake Quant, rel_err=0.003264
    [Summary] Outlier total: 12 (Tier1 FP16: 4, Tier2 INT8: 8) | Base INT3: 8180
Quantizing model.layers.12.mlp.up_proj (Allocated Outlier Cols=4)
    [Tier2 In-place Quant] 4 cols -> 8-bit Fake Quant, rel_err=0.002487
    [Summary] Outlier total: 6 (Tier1 FP16: 2, Tier2 INT8: 4) | Base INT3: 8186
Quantizing model.layers.12.mlp.gate_proj (Allocated Outlier Cols=4)
    [Tier2 In-place Quant] 4 cols -> 8-bit Fake Quant, rel_err=0.002613
    [Summary] Outlier total: 6 (Tier1 FP16: 2, Tier2 INT8: 4) | Base INT3: 8186
Quantizing model.layers.12.mlp.down_proj (Allocated Outlier Cols=8)
    [Tier2 In-place Quant] 8 cols -> 8-bit Fake Quant, rel_err=0.003485
    [Summary] Outlier total: 12 (Tier1 FP16: 4, Tier2 INT8: 8) | Base INT3: 28660
Quantizing model.layers.13.self_attn.q_proj (Allocated Outlier Cols=12)
    [Tier2 In-place Quant] 13 cols -> 8-bit Fake Quant, rel_err=0.003745
    [Summary] Outlier total: 18 (Tier1 FP16: 5, Tier2 INT8: 13) | Base INT3: 8174
Quantizing model.layers.13.self_attn.k_proj (Allocated Outlier Cols=10)
    [Tier2 In-place Quant] 11 cols -> 8-bit Fake Quant, rel_err=0.003627
    [Summary] Outlier total: 15 (Tier1 FP16: 4, Tier2 INT8: 11) | Base INT3: 8177
Quantizing model.layers.13.self_attn.v_proj (Allocated Outlier Cols=8)
    [Tier2 In-place Quant] 8 cols -> 8-bit Fake Quant, rel_err=0.003368
    [Summary] Outlier total: 12 (Tier1 FP16: 4, Tier2 INT8: 8) | Base INT3: 8180
Quantizing model.layers.13.self_attn.o_proj (Allocated Outlier Cols=8)
    [Tier2 In-place Quant] 8 cols -> 8-bit Fake Quant, rel_err=0.003342
    [Summary] Outlier total: 12 (Tier1 FP16: 4, Tier2 INT8: 8) | Base INT3: 8180
Quantizing model.layers.13.mlp.up_proj (Allocated Outlier Cols=4)
    [Tier2 In-place Quant] 4 cols -> 8-bit Fake Quant, rel_err=0.002489
    [Summary] Outlier total: 6 (Tier1 FP16: 2, Tier2 INT8: 4) | Base INT3: 8186
Quantizing model.layers.13.mlp.gate_proj (Allocated Outlier Cols=4)
    [Tier2 In-place Quant] 4 cols -> 8-bit Fake Quant, rel_err=0.002606
    [Summary] Outlier total: 6 (Tier1 FP16: 2, Tier2 INT8: 4) | Base INT3: 8186
Quantizing model.layers.13.mlp.down_proj (Allocated Outlier Cols=8)
    [Tier2 In-place Quant] 8 cols -> 8-bit Fake Quant, rel_err=0.003344
    [Summary] Outlier total: 12 (Tier1 FP16: 4, Tier2 INT8: 8) | Base INT3: 28660
Quantizing model.layers.14.self_attn.q_proj (Allocated Outlier Cols=12)
    [Tier2 In-place Quant] 13 cols -> 8-bit Fake Quant, rel_err=0.003752
    [Summary] Outlier total: 18 (Tier1 FP16: 5, Tier2 INT8: 13) | Base INT3: 8174
Quantizing model.layers.14.self_attn.k_proj (Allocated Outlier Cols=10)
    [Tier2 In-place Quant] 11 cols -> 8-bit Fake Quant, rel_err=0.003732
    [Summary] Outlier total: 15 (Tier1 FP16: 4, Tier2 INT8: 11) | Base INT3: 8177
Quantizing model.layers.14.self_attn.v_proj (Allocated Outlier Cols=8)
    [Tier2 In-place Quant] 8 cols -> 8-bit Fake Quant, rel_err=0.003323
    [Summary] Outlier total: 12 (Tier1 FP16: 4, Tier2 INT8: 8) | Base INT3: 8180
Quantizing model.layers.14.self_attn.o_proj (Allocated Outlier Cols=8)
    [Tier2 In-place Quant] 8 cols -> 8-bit Fake Quant, rel_err=0.003392
    [Summary] Outlier total: 12 (Tier1 FP16: 4, Tier2 INT8: 8) | Base INT3: 8180
Quantizing model.layers.14.mlp.up_proj (Allocated Outlier Cols=4)
    [Tier2 In-place Quant] 4 cols -> 8-bit Fake Quant, rel_err=0.002624
    [Summary] Outlier total: 6 (Tier1 FP16: 2, Tier2 INT8: 4) | Base INT3: 8186
Quantizing model.layers.14.mlp.gate_proj (Allocated Outlier Cols=4)
    [Tier2 In-place Quant] 4 cols -> 8-bit Fake Quant, rel_err=0.002565
    [Summary] Outlier total: 6 (Tier1 FP16: 2, Tier2 INT8: 4) | Base INT3: 8186
Quantizing model.layers.14.mlp.down_proj (Allocated Outlier Cols=8)
    [Tier2 In-place Quant] 8 cols -> 8-bit Fake Quant, rel_err=0.003326
    [Summary] Outlier total: 12 (Tier1 FP16: 4, Tier2 INT8: 8) | Base INT3: 28660
Quantizing model.layers.15.self_attn.q_proj (Allocated Outlier Cols=12)
    [Tier2 In-place Quant] 13 cols -> 8-bit Fake Quant, rel_err=0.003805
    [Summary] Outlier total: 18 (Tier1 FP16: 5, Tier2 INT8: 13) | Base INT3: 8174
Quantizing model.layers.15.self_attn.k_proj (Allocated Outlier Cols=10)
    [Tier2 In-place Quant] 11 cols -> 8-bit Fake Quant, rel_err=0.003612
    [Summary] Outlier total: 15 (Tier1 FP16: 4, Tier2 INT8: 11) | Base INT3: 8177
Quantizing model.layers.15.self_attn.v_proj (Allocated Outlier Cols=10)
    [Tier2 In-place Quant] 11 cols -> 8-bit Fake Quant, rel_err=0.003726
    [Summary] Outlier total: 15 (Tier1 FP16: 4, Tier2 INT8: 11) | Base INT3: 8177
Quantizing model.layers.15.self_attn.o_proj (Allocated Outlier Cols=8)
    [Tier2 In-place Quant] 8 cols -> 8-bit Fake Quant, rel_err=0.003390
    [Summary] Outlier total: 12 (Tier1 FP16: 4, Tier2 INT8: 8) | Base INT3: 8180
Quantizing model.layers.15.mlp.up_proj (Allocated Outlier Cols=4)
    [Tier2 In-place Quant] 4 cols -> 8-bit Fake Quant, rel_err=0.002495
    [Summary] Outlier total: 6 (Tier1 FP16: 2, Tier2 INT8: 4) | Base INT3: 8186
Quantizing model.layers.15.mlp.gate_proj (Allocated Outlier Cols=4)
    [Tier2 In-place Quant] 4 cols -> 8-bit Fake Quant, rel_err=0.002618
    [Summary] Outlier total: 6 (Tier1 FP16: 2, Tier2 INT8: 4) | Base INT3: 8186
Quantizing model.layers.15.mlp.down_proj (Allocated Outlier Cols=8)
    [Tier2 In-place Quant] 8 cols -> 8-bit Fake Quant, rel_err=0.003482
    [Summary] Outlier total: 12 (Tier1 FP16: 4, Tier2 INT8: 8) | Base INT3: 28660
Quantizing model.layers.16.self_attn.q_proj (Allocated Outlier Cols=12)
    [Tier2 In-place Quant] 13 cols -> 8-bit Fake Quant, rel_err=0.003825
    [Summary] Outlier total: 18 (Tier1 FP16: 5, Tier2 INT8: 13) | Base INT3: 8174
Quantizing model.layers.16.self_attn.k_proj (Allocated Outlier Cols=10)
    [Tier2 In-place Quant] 11 cols -> 8-bit Fake Quant, rel_err=0.003665
    [Summary] Outlier total: 15 (Tier1 FP16: 4, Tier2 INT8: 11) | Base INT3: 8177
Quantizing model.layers.16.self_attn.v_proj (Allocated Outlier Cols=8)
    [Tier2 In-place Quant] 8 cols -> 8-bit Fake Quant, rel_err=0.003228
    [Summary] Outlier total: 12 (Tier1 FP16: 4, Tier2 INT8: 8) | Base INT3: 8180
Quantizing model.layers.16.self_attn.o_proj (Allocated Outlier Cols=8)
    [Tier2 In-place Quant] 8 cols -> 8-bit Fake Quant, rel_err=0.003381
    [Summary] Outlier total: 12 (Tier1 FP16: 4, Tier2 INT8: 8) | Base INT3: 8180
Quantizing model.layers.16.mlp.up_proj (Allocated Outlier Cols=4)
    [Tier2 In-place Quant] 4 cols -> 8-bit Fake Quant, rel_err=0.002547
    [Summary] Outlier total: 6 (Tier1 FP16: 2, Tier2 INT8: 4) | Base INT3: 8186
Quantizing model.layers.16.mlp.gate_proj (Allocated Outlier Cols=4)
    [Tier2 In-place Quant] 4 cols -> 8-bit Fake Quant, rel_err=0.002609
    [Summary] Outlier total: 6 (Tier1 FP16: 2, Tier2 INT8: 4) | Base INT3: 8186
Quantizing model.layers.16.mlp.down_proj (Allocated Outlier Cols=8)
    [Tier2 In-place Quant] 8 cols -> 8-bit Fake Quant, rel_err=0.003353
    [Summary] Outlier total: 12 (Tier1 FP16: 4, Tier2 INT8: 8) | Base INT3: 28660
Quantizing model.layers.17.self_attn.q_proj (Allocated Outlier Cols=12)
    [Tier2 In-place Quant] 13 cols -> 8-bit Fake Quant, rel_err=0.003837
    [Summary] Outlier total: 18 (Tier1 FP16: 5, Tier2 INT8: 13) | Base INT3: 8174
Quantizing model.layers.17.self_attn.k_proj (Allocated Outlier Cols=10)
    [Tier2 In-place Quant] 11 cols -> 8-bit Fake Quant, rel_err=0.003618
    [Summary] Outlier total: 15 (Tier1 FP16: 4, Tier2 INT8: 11) | Base INT3: 8177
Quantizing model.layers.17.self_attn.v_proj (Allocated Outlier Cols=8)
    [Tier2 In-place Quant] 8 cols -> 8-bit Fake Quant, rel_err=0.003548
    [Summary] Outlier total: 12 (Tier1 FP16: 4, Tier2 INT8: 8) | Base INT3: 8180
Quantizing model.layers.17.self_attn.o_proj (Allocated Outlier Cols=8)
    [Tier2 In-place Quant] 8 cols -> 8-bit Fake Quant, rel_err=0.003352
    [Summary] Outlier total: 12 (Tier1 FP16: 4, Tier2 INT8: 8) | Base INT3: 8180
Quantizing model.layers.17.mlp.up_proj (Allocated Outlier Cols=4)
    [Tier2 In-place Quant] 4 cols -> 8-bit Fake Quant, rel_err=0.002572
    [Summary] Outlier total: 6 (Tier1 FP16: 2, Tier2 INT8: 4) | Base INT3: 8186
Quantizing model.layers.17.mlp.gate_proj (Allocated Outlier Cols=4)
    [Tier2 In-place Quant] 4 cols -> 8-bit Fake Quant, rel_err=0.002611
    [Summary] Outlier total: 6 (Tier1 FP16: 2, Tier2 INT8: 4) | Base INT3: 8186
Quantizing model.layers.17.mlp.down_proj (Allocated Outlier Cols=10)
    [Tier2 In-place Quant] 11 cols -> 8-bit Fake Quant, rel_err=0.003669
    [Summary] Outlier total: 15 (Tier1 FP16: 4, Tier2 INT8: 11) | Base INT3: 28657
Quantizing model.layers.18.self_attn.q_proj (Allocated Outlier Cols=12)
    [Tier2 In-place Quant] 13 cols -> 8-bit Fake Quant, rel_err=0.003859
    [Summary] Outlier total: 18 (Tier1 FP16: 5, Tier2 INT8: 13) | Base INT3: 8174
Quantizing model.layers.18.self_attn.k_proj (Allocated Outlier Cols=10)
    [Tier2 In-place Quant] 11 cols -> 8-bit Fake Quant, rel_err=0.003575
    [Summary] Outlier total: 15 (Tier1 FP16: 4, Tier2 INT8: 11) | Base INT3: 8177
Quantizing model.layers.18.self_attn.v_proj (Allocated Outlier Cols=10)
    [Tier2 In-place Quant] 11 cols -> 8-bit Fake Quant, rel_err=0.003631
    [Summary] Outlier total: 15 (Tier1 FP16: 4, Tier2 INT8: 11) | Base INT3: 8177
Quantizing model.layers.18.self_attn.o_proj (Allocated Outlier Cols=8)
    [Tier2 In-place Quant] 8 cols -> 8-bit Fake Quant, rel_err=0.003340
    [Summary] Outlier total: 12 (Tier1 FP16: 4, Tier2 INT8: 8) | Base INT3: 8180
Quantizing model.layers.18.mlp.up_proj (Allocated Outlier Cols=4)
    [Tier2 In-place Quant] 4 cols -> 8-bit Fake Quant, rel_err=0.002546
    [Summary] Outlier total: 6 (Tier1 FP16: 2, Tier2 INT8: 4) | Base INT3: 8186
Quantizing model.layers.18.mlp.gate_proj (Allocated Outlier Cols=6)
    [Tier2 In-place Quant] 6 cols -> 8-bit Fake Quant, rel_err=0.003052
    [Summary] Outlier total: 9 (Tier1 FP16: 3, Tier2 INT8: 6) | Base INT3: 8183
Quantizing model.layers.18.mlp.down_proj (Allocated Outlier Cols=10)
    [Tier2 In-place Quant] 11 cols -> 8-bit Fake Quant, rel_err=0.003414
    [Summary] Outlier total: 15 (Tier1 FP16: 4, Tier2 INT8: 11) | Base INT3: 28657
Quantizing model.layers.19.self_attn.q_proj (Allocated Outlier Cols=12)
    [Tier2 In-place Quant] 13 cols -> 8-bit Fake Quant, rel_err=0.003883
    [Summary] Outlier total: 18 (Tier1 FP16: 5, Tier2 INT8: 13) | Base INT3: 8174
Quantizing model.layers.19.self_attn.k_proj (Allocated Outlier Cols=10)
    [Tier2 In-place Quant] 11 cols -> 8-bit Fake Quant, rel_err=0.003654
    [Summary] Outlier total: 15 (Tier1 FP16: 4, Tier2 INT8: 11) | Base INT3: 8177
Quantizing model.layers.19.self_attn.v_proj (Allocated Outlier Cols=10)
    [Tier2 In-place Quant] 11 cols -> 8-bit Fake Quant, rel_err=0.003624
    [Summary] Outlier total: 15 (Tier1 FP16: 4, Tier2 INT8: 11) | Base INT3: 8177
Quantizing model.layers.19.self_attn.o_proj (Allocated Outlier Cols=8)
    [Tier2 In-place Quant] 8 cols -> 8-bit Fake Quant, rel_err=0.003338
    [Summary] Outlier total: 12 (Tier1 FP16: 4, Tier2 INT8: 8) | Base INT3: 8180
Quantizing model.layers.19.mlp.up_proj (Allocated Outlier Cols=6)
    [Tier2 In-place Quant] 6 cols -> 8-bit Fake Quant, rel_err=0.003015
    [Summary] Outlier total: 9 (Tier1 FP16: 3, Tier2 INT8: 6) | Base INT3: 8183
Quantizing model.layers.19.mlp.gate_proj (Allocated Outlier Cols=6)
    [Tier2 In-place Quant] 6 cols -> 8-bit Fake Quant, rel_err=0.002898
    [Summary] Outlier total: 9 (Tier1 FP16: 3, Tier2 INT8: 6) | Base INT3: 8183
Quantizing model.layers.19.mlp.down_proj (Allocated Outlier Cols=8)
    [Tier2 In-place Quant] 8 cols -> 8-bit Fake Quant, rel_err=0.003088
    [Summary] Outlier total: 12 (Tier1 FP16: 4, Tier2 INT8: 8) | Base INT3: 28660
Quantizing model.layers.20.self_attn.q_proj (Allocated Outlier Cols=12)
    [Tier2 In-place Quant] 13 cols -> 8-bit Fake Quant, rel_err=0.003963
    [Summary] Outlier total: 18 (Tier1 FP16: 5, Tier2 INT8: 13) | Base INT3: 8174
Quantizing model.layers.20.self_attn.k_proj (Allocated Outlier Cols=10)
    [Tier2 In-place Quant] 11 cols -> 8-bit Fake Quant, rel_err=0.003625
    [Summary] Outlier total: 15 (Tier1 FP16: 4, Tier2 INT8: 11) | Base INT3: 8177
Quantizing model.layers.20.self_attn.v_proj (Allocated Outlier Cols=10)
    [Tier2 In-place Quant] 11 cols -> 8-bit Fake Quant, rel_err=0.003918
    [Summary] Outlier total: 15 (Tier1 FP16: 4, Tier2 INT8: 11) | Base INT3: 8177
Quantizing model.layers.20.self_attn.o_proj (Allocated Outlier Cols=8)
    [Tier2 In-place Quant] 8 cols -> 8-bit Fake Quant, rel_err=0.003252
    [Summary] Outlier total: 12 (Tier1 FP16: 4, Tier2 INT8: 8) | Base INT3: 8180
Quantizing model.layers.20.mlp.up_proj (Allocated Outlier Cols=6)
    [Tier2 In-place Quant] 6 cols -> 8-bit Fake Quant, rel_err=0.003033
    [Summary] Outlier total: 9 (Tier1 FP16: 3, Tier2 INT8: 6) | Base INT3: 8183
Quantizing model.layers.20.mlp.gate_proj (Allocated Outlier Cols=6)
    [Tier2 In-place Quant] 6 cols -> 8-bit Fake Quant, rel_err=0.003157
    [Summary] Outlier total: 9 (Tier1 FP16: 3, Tier2 INT8: 6) | Base INT3: 8183
Quantizing model.layers.20.mlp.down_proj (Allocated Outlier Cols=10)
    [Tier2 In-place Quant] 11 cols -> 8-bit Fake Quant, rel_err=0.003845
    [Summary] Outlier total: 15 (Tier1 FP16: 4, Tier2 INT8: 11) | Base INT3: 28657
Quantizing model.layers.21.self_attn.q_proj (Allocated Outlier Cols=12)
    [Tier2 In-place Quant] 13 cols -> 8-bit Fake Quant, rel_err=0.003941
    [Summary] Outlier total: 18 (Tier1 FP16: 5, Tier2 INT8: 13) | Base INT3: 8174
Quantizing model.layers.21.self_attn.k_proj (Allocated Outlier Cols=10)
    [Tier2 In-place Quant] 11 cols -> 8-bit Fake Quant, rel_err=0.003713
    [Summary] Outlier total: 15 (Tier1 FP16: 4, Tier2 INT8: 11) | Base INT3: 8177
Quantizing model.layers.21.self_attn.v_proj (Allocated Outlier Cols=10)
    [Tier2 In-place Quant] 11 cols -> 8-bit Fake Quant, rel_err=0.003736
    [Summary] Outlier total: 15 (Tier1 FP16: 4, Tier2 INT8: 11) | Base INT3: 8177
Quantizing model.layers.21.self_attn.o_proj (Allocated Outlier Cols=8)
    [Tier2 In-place Quant] 8 cols -> 8-bit Fake Quant, rel_err=0.003344
    [Summary] Outlier total: 12 (Tier1 FP16: 4, Tier2 INT8: 8) | Base INT3: 8180
Quantizing model.layers.21.mlp.up_proj (Allocated Outlier Cols=6)
    [Tier2 In-place Quant] 6 cols -> 8-bit Fake Quant, rel_err=0.003078
    [Summary] Outlier total: 9 (Tier1 FP16: 3, Tier2 INT8: 6) | Base INT3: 8183
Quantizing model.layers.21.mlp.gate_proj (Allocated Outlier Cols=6)
    [Tier2 In-place Quant] 6 cols -> 8-bit Fake Quant, rel_err=0.003075
    [Summary] Outlier total: 9 (Tier1 FP16: 3, Tier2 INT8: 6) | Base INT3: 8183
Quantizing model.layers.21.mlp.down_proj (Allocated Outlier Cols=8)
    [Tier2 In-place Quant] 8 cols -> 8-bit Fake Quant, rel_err=0.003380
    [Summary] Outlier total: 12 (Tier1 FP16: 4, Tier2 INT8: 8) | Base INT3: 28660
Quantizing model.layers.22.self_attn.q_proj (Allocated Outlier Cols=12)
    [Tier2 In-place Quant] 13 cols -> 8-bit Fake Quant, rel_err=0.003901
    [Summary] Outlier total: 18 (Tier1 FP16: 5, Tier2 INT8: 13) | Base INT3: 8174
Quantizing model.layers.22.self_attn.k_proj (Allocated Outlier Cols=10)
    [Tier2 In-place Quant] 11 cols -> 8-bit Fake Quant, rel_err=0.003685
    [Summary] Outlier total: 15 (Tier1 FP16: 4, Tier2 INT8: 11) | Base INT3: 8177
Quantizing model.layers.22.self_attn.v_proj (Allocated Outlier Cols=10)
    [Tier2 In-place Quant] 11 cols -> 8-bit Fake Quant, rel_err=0.003884
    [Summary] Outlier total: 15 (Tier1 FP16: 4, Tier2 INT8: 11) | Base INT3: 8177
Quantizing model.layers.22.self_attn.o_proj (Allocated Outlier Cols=8)
    [Tier2 In-place Quant] 8 cols -> 8-bit Fake Quant, rel_err=0.003381
    [Summary] Outlier total: 12 (Tier1 FP16: 4, Tier2 INT8: 8) | Base INT3: 8180
Quantizing model.layers.22.mlp.up_proj (Allocated Outlier Cols=6)
    [Tier2 In-place Quant] 6 cols -> 8-bit Fake Quant, rel_err=0.003022
    [Summary] Outlier total: 9 (Tier1 FP16: 3, Tier2 INT8: 6) | Base INT3: 8183
Quantizing model.layers.22.mlp.gate_proj (Allocated Outlier Cols=6)
    [Tier2 In-place Quant] 6 cols -> 8-bit Fake Quant, rel_err=0.003105
    [Summary] Outlier total: 9 (Tier1 FP16: 3, Tier2 INT8: 6) | Base INT3: 8183
Quantizing model.layers.22.mlp.down_proj (Allocated Outlier Cols=8)
    [Tier2 In-place Quant] 8 cols -> 8-bit Fake Quant, rel_err=0.003396
    [Summary] Outlier total: 12 (Tier1 FP16: 4, Tier2 INT8: 8) | Base INT3: 28660
Quantizing model.layers.23.self_attn.q_proj (Allocated Outlier Cols=12)
    [Tier2 In-place Quant] 13 cols -> 8-bit Fake Quant, rel_err=0.003850
    [Summary] Outlier total: 18 (Tier1 FP16: 5, Tier2 INT8: 13) | Base INT3: 8174
Quantizing model.layers.23.self_attn.k_proj (Allocated Outlier Cols=10)
    [Tier2 In-place Quant] 11 cols -> 8-bit Fake Quant, rel_err=0.003744
    [Summary] Outlier total: 15 (Tier1 FP16: 4, Tier2 INT8: 11) | Base INT3: 8177
Quantizing model.layers.23.self_attn.v_proj (Allocated Outlier Cols=10)
    [Tier2 In-place Quant] 11 cols -> 8-bit Fake Quant, rel_err=0.003839
    [Summary] Outlier total: 15 (Tier1 FP16: 4, Tier2 INT8: 11) | Base INT3: 8177
Quantizing model.layers.23.self_attn.o_proj (Allocated Outlier Cols=8)
    [Tier2 In-place Quant] 8 cols -> 8-bit Fake Quant, rel_err=0.003414
    [Summary] Outlier total: 12 (Tier1 FP16: 4, Tier2 INT8: 8) | Base INT3: 8180
Quantizing model.layers.23.mlp.up_proj (Allocated Outlier Cols=6)
    [Tier2 In-place Quant] 6 cols -> 8-bit Fake Quant, rel_err=0.003091
    [Summary] Outlier total: 9 (Tier1 FP16: 3, Tier2 INT8: 6) | Base INT3: 8183
Quantizing model.layers.23.mlp.gate_proj (Allocated Outlier Cols=6)
    [Tier2 In-place Quant] 6 cols -> 8-bit Fake Quant, rel_err=0.003112
    [Summary] Outlier total: 9 (Tier1 FP16: 3, Tier2 INT8: 6) | Base INT3: 8183
Quantizing model.layers.23.mlp.down_proj (Allocated Outlier Cols=10)
    [Tier2 In-place Quant] 11 cols -> 8-bit Fake Quant, rel_err=0.003747
    [Summary] Outlier total: 15 (Tier1 FP16: 4, Tier2 INT8: 11) | Base INT3: 28657
Quantizing model.layers.24.self_attn.q_proj (Allocated Outlier Cols=12)
    [Tier2 In-place Quant] 13 cols -> 8-bit Fake Quant, rel_err=0.003835
    [Summary] Outlier total: 18 (Tier1 FP16: 5, Tier2 INT8: 13) | Base INT3: 8174
Quantizing model.layers.24.self_attn.k_proj (Allocated Outlier Cols=10)
    [Tier2 In-place Quant] 11 cols -> 8-bit Fake Quant, rel_err=0.003684
    [Summary] Outlier total: 15 (Tier1 FP16: 4, Tier2 INT8: 11) | Base INT3: 8177
Quantizing model.layers.24.self_attn.v_proj (Allocated Outlier Cols=8)
    [Tier2 In-place Quant] 8 cols -> 8-bit Fake Quant, rel_err=0.003324
    [Summary] Outlier total: 12 (Tier1 FP16: 4, Tier2 INT8: 8) | Base INT3: 8180
Quantizing model.layers.24.self_attn.o_proj (Allocated Outlier Cols=8)
    [Tier2 In-place Quant] 8 cols -> 8-bit Fake Quant, rel_err=0.003400
    [Summary] Outlier total: 12 (Tier1 FP16: 4, Tier2 INT8: 8) | Base INT3: 8180
Quantizing model.layers.24.mlp.up_proj (Allocated Outlier Cols=6)
    [Tier2 In-place Quant] 6 cols -> 8-bit Fake Quant, rel_err=0.003117
    [Summary] Outlier total: 9 (Tier1 FP16: 3, Tier2 INT8: 6) | Base INT3: 8183
Quantizing model.layers.24.mlp.gate_proj (Allocated Outlier Cols=6)
    [Tier2 In-place Quant] 6 cols -> 8-bit Fake Quant, rel_err=0.003147
    [Summary] Outlier total: 9 (Tier1 FP16: 3, Tier2 INT8: 6) | Base INT3: 8183
Quantizing model.layers.24.mlp.down_proj (Allocated Outlier Cols=8)
    [Tier2 In-place Quant] 8 cols -> 8-bit Fake Quant, rel_err=0.003254
    [Summary] Outlier total: 12 (Tier1 FP16: 4, Tier2 INT8: 8) | Base INT3: 28660
Quantizing model.layers.25.self_attn.q_proj (Allocated Outlier Cols=12)
    [Tier2 In-place Quant] 13 cols -> 8-bit Fake Quant, rel_err=0.003838
    [Summary] Outlier total: 18 (Tier1 FP16: 5, Tier2 INT8: 13) | Base INT3: 8174
Quantizing model.layers.25.self_attn.k_proj (Allocated Outlier Cols=10)
    [Tier2 In-place Quant] 11 cols -> 8-bit Fake Quant, rel_err=0.003745
    [Summary] Outlier total: 15 (Tier1 FP16: 4, Tier2 INT8: 11) | Base INT3: 8177
Quantizing model.layers.25.self_attn.v_proj (Allocated Outlier Cols=8)
    [Tier2 In-place Quant] 8 cols -> 8-bit Fake Quant, rel_err=0.003298
    [Summary] Outlier total: 12 (Tier1 FP16: 4, Tier2 INT8: 8) | Base INT3: 8180
Quantizing model.layers.25.self_attn.o_proj (Allocated Outlier Cols=8)
    [Tier2 In-place Quant] 8 cols -> 8-bit Fake Quant, rel_err=0.003317
    [Summary] Outlier total: 12 (Tier1 FP16: 4, Tier2 INT8: 8) | Base INT3: 8180
Quantizing model.layers.25.mlp.up_proj (Allocated Outlier Cols=6)
    [Tier2 In-place Quant] 6 cols -> 8-bit Fake Quant, rel_err=0.003049
    [Summary] Outlier total: 9 (Tier1 FP16: 3, Tier2 INT8: 6) | Base INT3: 8183
Quantizing model.layers.25.mlp.gate_proj (Allocated Outlier Cols=6)
    [Tier2 In-place Quant] 6 cols -> 8-bit Fake Quant, rel_err=0.003046
    [Summary] Outlier total: 9 (Tier1 FP16: 3, Tier2 INT8: 6) | Base INT3: 8183
Quantizing model.layers.25.mlp.down_proj (Allocated Outlier Cols=10)
    [Tier2 In-place Quant] 11 cols -> 8-bit Fake Quant, rel_err=0.003766
    [Summary] Outlier total: 15 (Tier1 FP16: 4, Tier2 INT8: 11) | Base INT3: 28657
Quantizing model.layers.26.self_attn.q_proj (Allocated Outlier Cols=14)
    [Tier2 In-place Quant] 15 cols -> 8-bit Fake Quant, rel_err=0.004004
    [Summary] Outlier total: 21 (Tier1 FP16: 6, Tier2 INT8: 15) | Base INT3: 8171
Quantizing model.layers.26.self_attn.k_proj (Allocated Outlier Cols=10)
    [Tier2 In-place Quant] 11 cols -> 8-bit Fake Quant, rel_err=0.003632
    [Summary] Outlier total: 15 (Tier1 FP16: 4, Tier2 INT8: 11) | Base INT3: 8177
Quantizing model.layers.26.self_attn.v_proj (Allocated Outlier Cols=10)
    [Tier2 In-place Quant] 11 cols -> 8-bit Fake Quant, rel_err=0.003699
    [Summary] Outlier total: 15 (Tier1 FP16: 4, Tier2 INT8: 11) | Base INT3: 8177
Quantizing model.layers.26.self_attn.o_proj (Allocated Outlier Cols=8)
    [Tier2 In-place Quant] 8 cols -> 8-bit Fake Quant, rel_err=0.003343
    [Summary] Outlier total: 12 (Tier1 FP16: 4, Tier2 INT8: 8) | Base INT3: 8180
Quantizing model.layers.26.mlp.up_proj (Allocated Outlier Cols=6)
    [Tier2 In-place Quant] 6 cols -> 8-bit Fake Quant, rel_err=0.003041
    [Summary] Outlier total: 9 (Tier1 FP16: 3, Tier2 INT8: 6) | Base INT3: 8183
Quantizing model.layers.26.mlp.gate_proj (Allocated Outlier Cols=6)
    [Tier2 In-place Quant] 6 cols -> 8-bit Fake Quant, rel_err=0.003079
    [Summary] Outlier total: 9 (Tier1 FP16: 3, Tier2 INT8: 6) | Base INT3: 8183
Quantizing model.layers.26.mlp.down_proj (Allocated Outlier Cols=10)
    [Tier2 In-place Quant] 11 cols -> 8-bit Fake Quant, rel_err=0.003738
    [Summary] Outlier total: 15 (Tier1 FP16: 4, Tier2 INT8: 11) | Base INT3: 28657
Quantizing model.layers.27.self_attn.q_proj (Allocated Outlier Cols=12)
    [Tier2 In-place Quant] 13 cols -> 8-bit Fake Quant, rel_err=0.003841
    [Summary] Outlier total: 18 (Tier1 FP16: 5, Tier2 INT8: 13) | Base INT3: 8174
Quantizing model.layers.27.self_attn.k_proj (Allocated Outlier Cols=10)
    [Tier2 In-place Quant] 11 cols -> 8-bit Fake Quant, rel_err=0.003655
    [Summary] Outlier total: 15 (Tier1 FP16: 4, Tier2 INT8: 11) | Base INT3: 8177
Quantizing model.layers.27.self_attn.v_proj (Allocated Outlier Cols=10)
    [Tier2 In-place Quant] 11 cols -> 8-bit Fake Quant, rel_err=0.003791
    [Summary] Outlier total: 15 (Tier1 FP16: 4, Tier2 INT8: 11) | Base INT3: 8177
Quantizing model.layers.27.self_attn.o_proj (Allocated Outlier Cols=8)
    [Tier2 In-place Quant] 8 cols -> 8-bit Fake Quant, rel_err=0.003388
    [Summary] Outlier total: 12 (Tier1 FP16: 4, Tier2 INT8: 8) | Base INT3: 8180
Quantizing model.layers.27.mlp.up_proj (Allocated Outlier Cols=6)
    [Tier2 In-place Quant] 6 cols -> 8-bit Fake Quant, rel_err=0.003052
    [Summary] Outlier total: 9 (Tier1 FP16: 3, Tier2 INT8: 6) | Base INT3: 8183
Quantizing model.layers.27.mlp.gate_proj (Allocated Outlier Cols=6)
    [Tier2 In-place Quant] 6 cols -> 8-bit Fake Quant, rel_err=0.003088
    [Summary] Outlier total: 9 (Tier1 FP16: 3, Tier2 INT8: 6) | Base INT3: 8183
Quantizing model.layers.27.mlp.down_proj (Allocated Outlier Cols=10)
    [Tier2 In-place Quant] 11 cols -> 8-bit Fake Quant, rel_err=0.003784
    [Summary] Outlier total: 15 (Tier1 FP16: 4, Tier2 INT8: 11) | Base INT3: 28657
Quantizing model.layers.28.self_attn.q_proj (Allocated Outlier Cols=12)
    [Tier2 In-place Quant] 13 cols -> 8-bit Fake Quant, rel_err=0.003840
    [Summary] Outlier total: 18 (Tier1 FP16: 5, Tier2 INT8: 13) | Base INT3: 8174
Quantizing model.layers.28.self_attn.k_proj (Allocated Outlier Cols=10)
    [Tier2 In-place Quant] 11 cols -> 8-bit Fake Quant, rel_err=0.003706
    [Summary] Outlier total: 15 (Tier1 FP16: 4, Tier2 INT8: 11) | Base INT3: 8177
Quantizing model.layers.28.self_attn.v_proj (Allocated Outlier Cols=10)
    [Tier2 In-place Quant] 11 cols -> 8-bit Fake Quant, rel_err=0.003712
    [Summary] Outlier total: 15 (Tier1 FP16: 4, Tier2 INT8: 11) | Base INT3: 8177
Quantizing model.layers.28.self_attn.o_proj (Allocated Outlier Cols=8)
    [Tier2 In-place Quant] 8 cols -> 8-bit Fake Quant, rel_err=0.003368
    [Summary] Outlier total: 12 (Tier1 FP16: 4, Tier2 INT8: 8) | Base INT3: 8180
Quantizing model.layers.28.mlp.up_proj (Allocated Outlier Cols=6)
    [Tier2 In-place Quant] 6 cols -> 8-bit Fake Quant, rel_err=0.003066
    [Summary] Outlier total: 9 (Tier1 FP16: 3, Tier2 INT8: 6) | Base INT3: 8183
Quantizing model.layers.28.mlp.gate_proj (Allocated Outlier Cols=6)
    [Tier2 In-place Quant] 6 cols -> 8-bit Fake Quant, rel_err=0.003120
    [Summary] Outlier total: 9 (Tier1 FP16: 3, Tier2 INT8: 6) | Base INT3: 8183
Quantizing model.layers.28.mlp.down_proj (Allocated Outlier Cols=10)
    [Tier2 In-place Quant] 11 cols -> 8-bit Fake Quant, rel_err=0.003698
    [Summary] Outlier total: 15 (Tier1 FP16: 4, Tier2 INT8: 11) | Base INT3: 28657
Quantizing model.layers.29.self_attn.q_proj (Allocated Outlier Cols=14)
    [Tier2 In-place Quant] 15 cols -> 8-bit Fake Quant, rel_err=0.004029
    [Summary] Outlier total: 21 (Tier1 FP16: 6, Tier2 INT8: 15) | Base INT3: 8171
Quantizing model.layers.29.self_attn.k_proj (Allocated Outlier Cols=10)
    [Tier2 In-place Quant] 11 cols -> 8-bit Fake Quant, rel_err=0.003659
    [Summary] Outlier total: 15 (Tier1 FP16: 4, Tier2 INT8: 11) | Base INT3: 8177
Quantizing model.layers.29.self_attn.v_proj (Allocated Outlier Cols=10)
    [Tier2 In-place Quant] 11 cols -> 8-bit Fake Quant, rel_err=0.003824
    [Summary] Outlier total: 15 (Tier1 FP16: 4, Tier2 INT8: 11) | Base INT3: 8177
Quantizing model.layers.29.self_attn.o_proj (Allocated Outlier Cols=8)
    [Tier2 In-place Quant] 8 cols -> 8-bit Fake Quant, rel_err=0.003374
    [Summary] Outlier total: 12 (Tier1 FP16: 4, Tier2 INT8: 8) | Base INT3: 8180
Quantizing model.layers.29.mlp.up_proj (Allocated Outlier Cols=6)
    [Tier2 In-place Quant] 6 cols -> 8-bit Fake Quant, rel_err=0.003016
    [Summary] Outlier total: 9 (Tier1 FP16: 3, Tier2 INT8: 6) | Base INT3: 8183
Quantizing model.layers.29.mlp.gate_proj (Allocated Outlier Cols=6)
    [Tier2 In-place Quant] 6 cols -> 8-bit Fake Quant, rel_err=0.003002
    [Summary] Outlier total: 9 (Tier1 FP16: 3, Tier2 INT8: 6) | Base INT3: 8183
Quantizing model.layers.29.mlp.down_proj (Allocated Outlier Cols=10)
    [Tier2 In-place Quant] 11 cols -> 8-bit Fake Quant, rel_err=0.003730
    [Summary] Outlier total: 15 (Tier1 FP16: 4, Tier2 INT8: 11) | Base INT3: 28657
Quantizing model.layers.30.self_attn.q_proj (Allocated Outlier Cols=12)
    [Tier2 In-place Quant] 13 cols -> 8-bit Fake Quant, rel_err=0.003886
    [Summary] Outlier total: 18 (Tier1 FP16: 5, Tier2 INT8: 13) | Base INT3: 8174
Quantizing model.layers.30.self_attn.k_proj (Allocated Outlier Cols=10)
    [Tier2 In-place Quant] 11 cols -> 8-bit Fake Quant, rel_err=0.003703
    [Summary] Outlier total: 15 (Tier1 FP16: 4, Tier2 INT8: 11) | Base INT3: 8177
Quantizing model.layers.30.self_attn.v_proj (Allocated Outlier Cols=10)
    [Tier2 In-place Quant] 11 cols -> 8-bit Fake Quant, rel_err=0.003681
    [Summary] Outlier total: 15 (Tier1 FP16: 4, Tier2 INT8: 11) | Base INT3: 8177
Quantizing model.layers.30.self_attn.o_proj (Allocated Outlier Cols=8)
    [Tier2 In-place Quant] 8 cols -> 8-bit Fake Quant, rel_err=0.003416
    [Summary] Outlier total: 12 (Tier1 FP16: 4, Tier2 INT8: 8) | Base INT3: 8180
Quantizing model.layers.30.mlp.up_proj (Allocated Outlier Cols=6)
    [Tier2 In-place Quant] 6 cols -> 8-bit Fake Quant, rel_err=0.003081
    [Summary] Outlier total: 9 (Tier1 FP16: 3, Tier2 INT8: 6) | Base INT3: 8183
Quantizing model.layers.30.mlp.gate_proj (Allocated Outlier Cols=6)
    [Tier2 In-place Quant] 6 cols -> 8-bit Fake Quant, rel_err=0.003124
    [Summary] Outlier total: 9 (Tier1 FP16: 3, Tier2 INT8: 6) | Base INT3: 8183
Quantizing model.layers.30.mlp.down_proj (Allocated Outlier Cols=10)
    [Tier2 In-place Quant] 11 cols -> 8-bit Fake Quant, rel_err=0.003699
    [Summary] Outlier total: 15 (Tier1 FP16: 4, Tier2 INT8: 11) | Base INT3: 28657
Quantizing model.layers.31.self_attn.q_proj (Allocated Outlier Cols=14)
    [Tier2 In-place Quant] 15 cols -> 8-bit Fake Quant, rel_err=0.004009
    [Summary] Outlier total: 21 (Tier1 FP16: 6, Tier2 INT8: 15) | Base INT3: 8171
Quantizing model.layers.31.self_attn.k_proj (Allocated Outlier Cols=10)
    [Tier2 In-place Quant] 11 cols -> 8-bit Fake Quant, rel_err=0.003659
    [Summary] Outlier total: 15 (Tier1 FP16: 4, Tier2 INT8: 11) | Base INT3: 8177
Quantizing model.layers.31.self_attn.v_proj (Allocated Outlier Cols=10)
    [Tier2 In-place Quant] 11 cols -> 8-bit Fake Quant, rel_err=0.003899
    [Summary] Outlier total: 15 (Tier1 FP16: 4, Tier2 INT8: 11) | Base INT3: 8177
Quantizing model.layers.31.self_attn.o_proj (Allocated Outlier Cols=8)
    [Tier2 In-place Quant] 8 cols -> 8-bit Fake Quant, rel_err=0.003341
    [Summary] Outlier total: 12 (Tier1 FP16: 4, Tier2 INT8: 8) | Base INT3: 8180
Quantizing model.layers.31.mlp.up_proj (Allocated Outlier Cols=6)
    [Tier2 In-place Quant] 6 cols -> 8-bit Fake Quant, rel_err=0.003073
    [Summary] Outlier total: 9 (Tier1 FP16: 3, Tier2 INT8: 6) | Base INT3: 8183
Quantizing model.layers.31.mlp.gate_proj (Allocated Outlier Cols=6)
    [Tier2 In-place Quant] 6 cols -> 8-bit Fake Quant, rel_err=0.003091
    [Summary] Outlier total: 9 (Tier1 FP16: 3, Tier2 INT8: 6) | Base INT3: 8183
Quantizing model.layers.31.mlp.down_proj (Allocated Outlier Cols=10)
    [Tier2 In-place Quant] 11 cols -> 8-bit Fake Quant, rel_err=0.003776
    [Summary] Outlier total: 15 (Tier1 FP16: 4, Tier2 INT8: 11) | Base INT3: 28657
Quantizing model.layers.32.self_attn.q_proj (Allocated Outlier Cols=14)
    [Tier2 In-place Quant] 15 cols -> 8-bit Fake Quant, rel_err=0.004014
    [Summary] Outlier total: 21 (Tier1 FP16: 6, Tier2 INT8: 15) | Base INT3: 8171
Quantizing model.layers.32.self_attn.k_proj (Allocated Outlier Cols=10)
    [Tier2 In-place Quant] 11 cols -> 8-bit Fake Quant, rel_err=0.003683
    [Summary] Outlier total: 15 (Tier1 FP16: 4, Tier2 INT8: 11) | Base INT3: 8177
Quantizing model.layers.32.self_attn.v_proj (Allocated Outlier Cols=10)
    [Tier2 In-place Quant] 11 cols -> 8-bit Fake Quant, rel_err=0.003818
    [Summary] Outlier total: 15 (Tier1 FP16: 4, Tier2 INT8: 11) | Base INT3: 8177
Quantizing model.layers.32.self_attn.o_proj (Allocated Outlier Cols=8)
    [Tier2 In-place Quant] 8 cols -> 8-bit Fake Quant, rel_err=0.003343
    [Summary] Outlier total: 12 (Tier1 FP16: 4, Tier2 INT8: 8) | Base INT3: 8180
Quantizing model.layers.32.mlp.up_proj (Allocated Outlier Cols=6)
    [Tier2 In-place Quant] 6 cols -> 8-bit Fake Quant, rel_err=0.003023
    [Summary] Outlier total: 9 (Tier1 FP16: 3, Tier2 INT8: 6) | Base INT3: 8183
Quantizing model.layers.32.mlp.gate_proj (Allocated Outlier Cols=6)
    [Tier2 In-place Quant] 6 cols -> 8-bit Fake Quant, rel_err=0.003058
    [Summary] Outlier total: 9 (Tier1 FP16: 3, Tier2 INT8: 6) | Base INT3: 8183
Quantizing model.layers.32.mlp.down_proj (Allocated Outlier Cols=10)
    [Tier2 In-place Quant] 11 cols -> 8-bit Fake Quant, rel_err=0.003740
    [Summary] Outlier total: 15 (Tier1 FP16: 4, Tier2 INT8: 11) | Base INT3: 28657
Quantizing model.layers.33.self_attn.q_proj (Allocated Outlier Cols=14)
    [Tier2 In-place Quant] 15 cols -> 8-bit Fake Quant, rel_err=0.004009
    [Summary] Outlier total: 21 (Tier1 FP16: 6, Tier2 INT8: 15) | Base INT3: 8171
Quantizing model.layers.33.self_attn.k_proj (Allocated Outlier Cols=12)
    [Tier2 In-place Quant] 13 cols -> 8-bit Fake Quant, rel_err=0.003848
    [Summary] Outlier total: 18 (Tier1 FP16: 5, Tier2 INT8: 13) | Base INT3: 8174
Quantizing model.layers.33.self_attn.v_proj (Allocated Outlier Cols=10)
    [Tier2 In-place Quant] 11 cols -> 8-bit Fake Quant, rel_err=0.003834
    [Summary] Outlier total: 15 (Tier1 FP16: 4, Tier2 INT8: 11) | Base INT3: 8177
Quantizing model.layers.33.self_attn.o_proj (Allocated Outlier Cols=8)
    [Tier2 In-place Quant] 8 cols -> 8-bit Fake Quant, rel_err=0.003355
    [Summary] Outlier total: 12 (Tier1 FP16: 4, Tier2 INT8: 8) | Base INT3: 8180
Quantizing model.layers.33.mlp.up_proj (Allocated Outlier Cols=6)
    [Tier2 In-place Quant] 6 cols -> 8-bit Fake Quant, rel_err=0.003081
    [Summary] Outlier total: 9 (Tier1 FP16: 3, Tier2 INT8: 6) | Base INT3: 8183
Quantizing model.layers.33.mlp.gate_proj (Allocated Outlier Cols=6)
    [Tier2 In-place Quant] 6 cols -> 8-bit Fake Quant, rel_err=0.002964
    [Summary] Outlier total: 9 (Tier1 FP16: 3, Tier2 INT8: 6) | Base INT3: 8183
Quantizing model.layers.33.mlp.down_proj (Allocated Outlier Cols=10)
    [Tier2 In-place Quant] 11 cols -> 8-bit Fake Quant, rel_err=0.003785
    [Summary] Outlier total: 15 (Tier1 FP16: 4, Tier2 INT8: 11) | Base INT3: 28657
Quantizing model.layers.34.self_attn.q_proj (Allocated Outlier Cols=12)
    [Tier2 In-place Quant] 13 cols -> 8-bit Fake Quant, rel_err=0.003821
    [Summary] Outlier total: 18 (Tier1 FP16: 5, Tier2 INT8: 13) | Base INT3: 8174
Quantizing model.layers.34.self_attn.k_proj (Allocated Outlier Cols=10)
    [Tier2 In-place Quant] 11 cols -> 8-bit Fake Quant, rel_err=0.003689
    [Summary] Outlier total: 15 (Tier1 FP16: 4, Tier2 INT8: 11) | Base INT3: 8177
Quantizing model.layers.34.self_attn.v_proj (Allocated Outlier Cols=10)
    [Tier2 In-place Quant] 11 cols -> 8-bit Fake Quant, rel_err=0.003832
    [Summary] Outlier total: 15 (Tier1 FP16: 4, Tier2 INT8: 11) | Base INT3: 8177
Quantizing model.layers.34.self_attn.o_proj (Allocated Outlier Cols=8)
    [Tier2 In-place Quant] 8 cols -> 8-bit Fake Quant, rel_err=0.003413
    [Summary] Outlier total: 12 (Tier1 FP16: 4, Tier2 INT8: 8) | Base INT3: 8180
Quantizing model.layers.34.mlp.up_proj (Allocated Outlier Cols=6)
    [Tier2 In-place Quant] 6 cols -> 8-bit Fake Quant, rel_err=0.003068
    [Summary] Outlier total: 9 (Tier1 FP16: 3, Tier2 INT8: 6) | Base INT3: 8183
Quantizing model.layers.34.mlp.gate_proj (Allocated Outlier Cols=6)
    [Tier2 In-place Quant] 6 cols -> 8-bit Fake Quant, rel_err=0.003108
    [Summary] Outlier total: 9 (Tier1 FP16: 3, Tier2 INT8: 6) | Base INT3: 8183
Quantizing model.layers.34.mlp.down_proj (Allocated Outlier Cols=10)
    [Tier2 In-place Quant] 11 cols -> 8-bit Fake Quant, rel_err=0.003734
    [Summary] Outlier total: 15 (Tier1 FP16: 4, Tier2 INT8: 11) | Base INT3: 28657
Quantizing model.layers.35.self_attn.q_proj (Allocated Outlier Cols=12)
    [Tier2 In-place Quant] 13 cols -> 8-bit Fake Quant, rel_err=0.003879
    [Summary] Outlier total: 18 (Tier1 FP16: 5, Tier2 INT8: 13) | Base INT3: 8174
Quantizing model.layers.35.self_attn.k_proj (Allocated Outlier Cols=10)
    [Tier2 In-place Quant] 11 cols -> 8-bit Fake Quant, rel_err=0.003689
    [Summary] Outlier total: 15 (Tier1 FP16: 4, Tier2 INT8: 11) | Base INT3: 8177
Quantizing model.layers.35.self_attn.v_proj (Allocated Outlier Cols=10)
    [Tier2 In-place Quant] 11 cols -> 8-bit Fake Quant, rel_err=0.003810
    [Summary] Outlier total: 15 (Tier1 FP16: 4, Tier2 INT8: 11) | Base INT3: 8177
Quantizing model.layers.35.self_attn.o_proj (Allocated Outlier Cols=8)
    [Tier2 In-place Quant] 8 cols -> 8-bit Fake Quant, rel_err=0.003396
    [Summary] Outlier total: 12 (Tier1 FP16: 4, Tier2 INT8: 8) | Base INT3: 8180
Quantizing model.layers.35.mlp.up_proj (Allocated Outlier Cols=6)
    [Tier2 In-place Quant] 6 cols -> 8-bit Fake Quant, rel_err=0.003055
    [Summary] Outlier total: 9 (Tier1 FP16: 3, Tier2 INT8: 6) | Base INT3: 8183
Quantizing model.layers.35.mlp.gate_proj (Allocated Outlier Cols=6)
    [Tier2 In-place Quant] 6 cols -> 8-bit Fake Quant, rel_err=0.003074
    [Summary] Outlier total: 9 (Tier1 FP16: 3, Tier2 INT8: 6) | Base INT3: 8183
Quantizing model.layers.35.mlp.down_proj (Allocated Outlier Cols=10)
    [Tier2 In-place Quant] 11 cols -> 8-bit Fake Quant, rel_err=0.003730
    [Summary] Outlier total: 15 (Tier1 FP16: 4, Tier2 INT8: 11) | Base INT3: 28657
Quantizing model.layers.36.self_attn.q_proj (Allocated Outlier Cols=12)
    [Tier2 In-place Quant] 13 cols -> 8-bit Fake Quant, rel_err=0.003807
    [Summary] Outlier total: 18 (Tier1 FP16: 5, Tier2 INT8: 13) | Base INT3: 8174
Quantizing model.layers.36.self_attn.k_proj (Allocated Outlier Cols=10)
    [Tier2 In-place Quant] 11 cols -> 8-bit Fake Quant, rel_err=0.003679
    [Summary] Outlier total: 15 (Tier1 FP16: 4, Tier2 INT8: 11) | Base INT3: 8177
Quantizing model.layers.36.self_attn.v_proj (Allocated Outlier Cols=10)
    [Tier2 In-place Quant] 11 cols -> 8-bit Fake Quant, rel_err=0.003790
    [Summary] Outlier total: 15 (Tier1 FP16: 4, Tier2 INT8: 11) | Base INT3: 8177
Quantizing model.layers.36.self_attn.o_proj (Allocated Outlier Cols=8)
    [Tier2 In-place Quant] 8 cols -> 8-bit Fake Quant, rel_err=0.003690
    [Summary] Outlier total: 12 (Tier1 FP16: 4, Tier2 INT8: 8) | Base INT3: 8180
Quantizing model.layers.36.mlp.up_proj (Allocated Outlier Cols=6)
    [Tier2 In-place Quant] 6 cols -> 8-bit Fake Quant, rel_err=0.003048
    [Summary] Outlier total: 9 (Tier1 FP16: 3, Tier2 INT8: 6) | Base INT3: 8183
Quantizing model.layers.36.mlp.gate_proj (Allocated Outlier Cols=6)
    [Tier2 In-place Quant] 6 cols -> 8-bit Fake Quant, rel_err=0.003079
    [Summary] Outlier total: 9 (Tier1 FP16: 3, Tier2 INT8: 6) | Base INT3: 8183
Quantizing model.layers.36.mlp.down_proj (Allocated Outlier Cols=10)
    [Tier2 In-place Quant] 11 cols -> 8-bit Fake Quant, rel_err=0.003751
    [Summary] Outlier total: 15 (Tier1 FP16: 4, Tier2 INT8: 11) | Base INT3: 28657
Quantizing model.layers.37.self_attn.q_proj (Allocated Outlier Cols=14)
    [Tier2 In-place Quant] 15 cols -> 8-bit Fake Quant, rel_err=0.003960
    [Summary] Outlier total: 21 (Tier1 FP16: 6, Tier2 INT8: 15) | Base INT3: 8171
Quantizing model.layers.37.self_attn.k_proj (Allocated Outlier Cols=12)
    [Tier2 In-place Quant] 13 cols -> 8-bit Fake Quant, rel_err=0.003835
    [Summary] Outlier total: 18 (Tier1 FP16: 5, Tier2 INT8: 13) | Base INT3: 8174
Quantizing model.layers.37.self_attn.v_proj (Allocated Outlier Cols=10)
    [Tier2 In-place Quant] 11 cols -> 8-bit Fake Quant, rel_err=0.003859
    [Summary] Outlier total: 15 (Tier1 FP16: 4, Tier2 INT8: 11) | Base INT3: 8177
Quantizing model.layers.37.self_attn.o_proj (Allocated Outlier Cols=8)
    [Tier2 In-place Quant] 8 cols -> 8-bit Fake Quant, rel_err=0.003379
    [Summary] Outlier total: 12 (Tier1 FP16: 4, Tier2 INT8: 8) | Base INT3: 8180
Quantizing model.layers.37.mlp.up_proj (Allocated Outlier Cols=6)
    [Tier2 In-place Quant] 6 cols -> 8-bit Fake Quant, rel_err=0.003020
    [Summary] Outlier total: 9 (Tier1 FP16: 3, Tier2 INT8: 6) | Base INT3: 8183
Quantizing model.layers.37.mlp.gate_proj (Allocated Outlier Cols=6)
    [Tier2 In-place Quant] 6 cols -> 8-bit Fake Quant, rel_err=0.003104
    [Summary] Outlier total: 9 (Tier1 FP16: 3, Tier2 INT8: 6) | Base INT3: 8183
Quantizing model.layers.37.mlp.down_proj (Allocated Outlier Cols=10)
    [Tier2 In-place Quant] 11 cols -> 8-bit Fake Quant, rel_err=0.003737
    [Summary] Outlier total: 15 (Tier1 FP16: 4, Tier2 INT8: 11) | Base INT3: 28657
Quantizing model.layers.38.self_attn.q_proj (Allocated Outlier Cols=14)
    [Tier2 In-place Quant] 15 cols -> 8-bit Fake Quant, rel_err=0.004018
    [Summary] Outlier total: 21 (Tier1 FP16: 6, Tier2 INT8: 15) | Base INT3: 8171
Quantizing model.layers.38.self_attn.k_proj (Allocated Outlier Cols=12)
    [Tier2 In-place Quant] 13 cols -> 8-bit Fake Quant, rel_err=0.003930
    [Summary] Outlier total: 18 (Tier1 FP16: 5, Tier2 INT8: 13) | Base INT3: 8174
Quantizing model.layers.38.self_attn.v_proj (Allocated Outlier Cols=10)
    [Tier2 In-place Quant] 11 cols -> 8-bit Fake Quant, rel_err=0.003812
    [Summary] Outlier total: 15 (Tier1 FP16: 4, Tier2 INT8: 11) | Base INT3: 8177
Quantizing model.layers.38.self_attn.o_proj (Allocated Outlier Cols=8)
    [Tier2 In-place Quant] 8 cols -> 8-bit Fake Quant, rel_err=0.003426
    [Summary] Outlier total: 12 (Tier1 FP16: 4, Tier2 INT8: 8) | Base INT3: 8180
Quantizing model.layers.38.mlp.up_proj (Allocated Outlier Cols=6)
    [Tier2 In-place Quant] 6 cols -> 8-bit Fake Quant, rel_err=0.003037
    [Summary] Outlier total: 9 (Tier1 FP16: 3, Tier2 INT8: 6) | Base INT3: 8183
Quantizing model.layers.38.mlp.gate_proj (Allocated Outlier Cols=6)
    [Tier2 In-place Quant] 6 cols -> 8-bit Fake Quant, rel_err=0.003141
    [Summary] Outlier total: 9 (Tier1 FP16: 3, Tier2 INT8: 6) | Base INT3: 8183
Quantizing model.layers.38.mlp.down_proj (Allocated Outlier Cols=10)
    [Tier2 In-place Quant] 11 cols -> 8-bit Fake Quant, rel_err=0.003826
    [Summary] Outlier total: 15 (Tier1 FP16: 4, Tier2 INT8: 11) | Base INT3: 28657
Quantizing model.layers.39.self_attn.q_proj (Allocated Outlier Cols=14)
    [Tier2 In-place Quant] 15 cols -> 8-bit Fake Quant, rel_err=0.003980
    [Summary] Outlier total: 21 (Tier1 FP16: 6, Tier2 INT8: 15) | Base INT3: 8171
Quantizing model.layers.39.self_attn.k_proj (Allocated Outlier Cols=12)
    [Tier2 In-place Quant] 13 cols -> 8-bit Fake Quant, rel_err=0.003846
    [Summary] Outlier total: 18 (Tier1 FP16: 5, Tier2 INT8: 13) | Base INT3: 8174
Quantizing model.layers.39.self_attn.v_proj (Allocated Outlier Cols=10)
    [Tier2 In-place Quant] 11 cols -> 8-bit Fake Quant, rel_err=0.003784
    [Summary] Outlier total: 15 (Tier1 FP16: 4, Tier2 INT8: 11) | Base INT3: 8177
Quantizing model.layers.39.self_attn.o_proj (Allocated Outlier Cols=8)
    [Tier2 In-place Quant] 8 cols -> 8-bit Fake Quant, rel_err=0.003365
    [Summary] Outlier total: 12 (Tier1 FP16: 4, Tier2 INT8: 8) | Base INT3: 8180
Quantizing model.layers.39.mlp.up_proj (Allocated Outlier Cols=6)
    [Tier2 In-place Quant] 6 cols -> 8-bit Fake Quant, rel_err=0.003054
    [Summary] Outlier total: 9 (Tier1 FP16: 3, Tier2 INT8: 6) | Base INT3: 8183
Quantizing model.layers.39.mlp.gate_proj (Allocated Outlier Cols=6)
    [Tier2 In-place Quant] 6 cols -> 8-bit Fake Quant, rel_err=0.003031
    [Summary] Outlier total: 9 (Tier1 FP16: 3, Tier2 INT8: 6) | Base INT3: 8183
Quantizing model.layers.39.mlp.down_proj (Allocated Outlier Cols=10)
    [Tier2 In-place Quant] 11 cols -> 8-bit Fake Quant, rel_err=0.003728
    [Summary] Outlier total: 15 (Tier1 FP16: 4, Tier2 INT8: 11) | Base INT3: 28657
Quantizing model.layers.40.self_attn.q_proj (Allocated Outlier Cols=14)
    [Tier2 In-place Quant] 15 cols -> 8-bit Fake Quant, rel_err=0.003937
    [Summary] Outlier total: 21 (Tier1 FP16: 6, Tier2 INT8: 15) | Base INT3: 8171
Quantizing model.layers.40.self_attn.k_proj (Allocated Outlier Cols=12)
    [Tier2 In-place Quant] 13 cols -> 8-bit Fake Quant, rel_err=0.003858
    [Summary] Outlier total: 18 (Tier1 FP16: 5, Tier2 INT8: 13) | Base INT3: 8174
Quantizing model.layers.40.self_attn.v_proj (Allocated Outlier Cols=10)
    [Tier2 In-place Quant] 11 cols -> 8-bit Fake Quant, rel_err=0.003785
    [Summary] Outlier total: 15 (Tier1 FP16: 4, Tier2 INT8: 11) | Base INT3: 8177
Quantizing model.layers.40.self_attn.o_proj (Allocated Outlier Cols=8)
    [Tier2 In-place Quant] 8 cols -> 8-bit Fake Quant, rel_err=0.003357
    [Summary] Outlier total: 12 (Tier1 FP16: 4, Tier2 INT8: 8) | Base INT3: 8180
Quantizing model.layers.40.mlp.up_proj (Allocated Outlier Cols=6)
    [Tier2 In-place Quant] 6 cols -> 8-bit Fake Quant, rel_err=0.003054
    [Summary] Outlier total: 9 (Tier1 FP16: 3, Tier2 INT8: 6) | Base INT3: 8183
Quantizing model.layers.40.mlp.gate_proj (Allocated Outlier Cols=6)
    [Tier2 In-place Quant] 6 cols -> 8-bit Fake Quant, rel_err=0.003120
    [Summary] Outlier total: 9 (Tier1 FP16: 3, Tier2 INT8: 6) | Base INT3: 8183
Quantizing model.layers.40.mlp.down_proj (Allocated Outlier Cols=10)
    [Tier2 In-place Quant] 11 cols -> 8-bit Fake Quant, rel_err=0.003806
    [Summary] Outlier total: 15 (Tier1 FP16: 4, Tier2 INT8: 11) | Base INT3: 28657
Quantizing model.layers.41.self_attn.q_proj (Allocated Outlier Cols=14)
    [Tier2 In-place Quant] 15 cols -> 8-bit Fake Quant, rel_err=0.003890
    [Summary] Outlier total: 21 (Tier1 FP16: 6, Tier2 INT8: 15) | Base INT3: 8171
Quantizing model.layers.41.self_attn.k_proj (Allocated Outlier Cols=12)
    [Tier2 In-place Quant] 13 cols -> 8-bit Fake Quant, rel_err=0.003798
    [Summary] Outlier total: 18 (Tier1 FP16: 5, Tier2 INT8: 13) | Base INT3: 8174
Quantizing model.layers.41.self_attn.v_proj (Allocated Outlier Cols=10)
    [Tier2 In-place Quant] 11 cols -> 8-bit Fake Quant, rel_err=0.003939
    [Summary] Outlier total: 15 (Tier1 FP16: 4, Tier2 INT8: 11) | Base INT3: 8177
Quantizing model.layers.41.self_attn.o_proj (Allocated Outlier Cols=8)
    [Tier2 In-place Quant] 8 cols -> 8-bit Fake Quant, rel_err=0.003368
    [Summary] Outlier total: 12 (Tier1 FP16: 4, Tier2 INT8: 8) | Base INT3: 8180
Quantizing model.layers.41.mlp.up_proj (Allocated Outlier Cols=6)
    [Tier2 In-place Quant] 6 cols -> 8-bit Fake Quant, rel_err=0.003078
    [Summary] Outlier total: 9 (Tier1 FP16: 3, Tier2 INT8: 6) | Base INT3: 8183
Quantizing model.layers.41.mlp.gate_proj (Allocated Outlier Cols=6)
    [Tier2 In-place Quant] 6 cols -> 8-bit Fake Quant, rel_err=0.003142
    [Summary] Outlier total: 9 (Tier1 FP16: 3, Tier2 INT8: 6) | Base INT3: 8183
Quantizing model.layers.41.mlp.down_proj (Allocated Outlier Cols=12)
    [Tier2 In-place Quant] 13 cols -> 8-bit Fake Quant, rel_err=0.003944
    [Summary] Outlier total: 18 (Tier1 FP16: 5, Tier2 INT8: 13) | Base INT3: 28654
Quantizing model.layers.42.self_attn.q_proj (Allocated Outlier Cols=14)
    [Tier2 In-place Quant] 15 cols -> 8-bit Fake Quant, rel_err=0.004004
    [Summary] Outlier total: 21 (Tier1 FP16: 6, Tier2 INT8: 15) | Base INT3: 8171
Quantizing model.layers.42.self_attn.k_proj (Allocated Outlier Cols=12)
    [Tier2 In-place Quant] 13 cols -> 8-bit Fake Quant, rel_err=0.003828
    [Summary] Outlier total: 18 (Tier1 FP16: 5, Tier2 INT8: 13) | Base INT3: 8174
Quantizing model.layers.42.self_attn.v_proj (Allocated Outlier Cols=10)
    [Tier2 In-place Quant] 11 cols -> 8-bit Fake Quant, rel_err=0.003767
    [Summary] Outlier total: 15 (Tier1 FP16: 4, Tier2 INT8: 11) | Base INT3: 8177
Quantizing model.layers.42.self_attn.o_proj (Allocated Outlier Cols=8)
    [Tier2 In-place Quant] 8 cols -> 8-bit Fake Quant, rel_err=0.003393
    [Summary] Outlier total: 12 (Tier1 FP16: 4, Tier2 INT8: 8) | Base INT3: 8180
Quantizing model.layers.42.mlp.up_proj (Allocated Outlier Cols=6)
    [Tier2 In-place Quant] 6 cols -> 8-bit Fake Quant, rel_err=0.003000
    [Summary] Outlier total: 9 (Tier1 FP16: 3, Tier2 INT8: 6) | Base INT3: 8183
Quantizing model.layers.42.mlp.gate_proj (Allocated Outlier Cols=6)
    [Tier2 In-place Quant] 6 cols -> 8-bit Fake Quant, rel_err=0.003073
    [Summary] Outlier total: 9 (Tier1 FP16: 3, Tier2 INT8: 6) | Base INT3: 8183
Quantizing model.layers.42.mlp.down_proj (Allocated Outlier Cols=12)
    [Tier2 In-place Quant] 13 cols -> 8-bit Fake Quant, rel_err=0.003941
    [Summary] Outlier total: 18 (Tier1 FP16: 5, Tier2 INT8: 13) | Base INT3: 28654
Quantizing model.layers.43.self_attn.q_proj (Allocated Outlier Cols=14)
    [Tier2 In-place Quant] 15 cols -> 8-bit Fake Quant, rel_err=0.003954
    [Summary] Outlier total: 21 (Tier1 FP16: 6, Tier2 INT8: 15) | Base INT3: 8171
Quantizing model.layers.43.self_attn.k_proj (Allocated Outlier Cols=12)
    [Tier2 In-place Quant] 13 cols -> 8-bit Fake Quant, rel_err=0.003785
    [Summary] Outlier total: 18 (Tier1 FP16: 5, Tier2 INT8: 13) | Base INT3: 8174
Quantizing model.layers.43.self_attn.v_proj (Allocated Outlier Cols=10)
    [Tier2 In-place Quant] 11 cols -> 8-bit Fake Quant, rel_err=0.003801
    [Summary] Outlier total: 15 (Tier1 FP16: 4, Tier2 INT8: 11) | Base INT3: 8177
Quantizing model.layers.43.self_attn.o_proj (Allocated Outlier Cols=8)
    [Tier2 In-place Quant] 8 cols -> 8-bit Fake Quant, rel_err=0.003385
    [Summary] Outlier total: 12 (Tier1 FP16: 4, Tier2 INT8: 8) | Base INT3: 8180
Quantizing model.layers.43.mlp.up_proj (Allocated Outlier Cols=6)
    [Tier2 In-place Quant] 6 cols -> 8-bit Fake Quant, rel_err=0.003115
    [Summary] Outlier total: 9 (Tier1 FP16: 3, Tier2 INT8: 6) | Base INT3: 8183
Quantizing model.layers.43.mlp.gate_proj (Allocated Outlier Cols=6)
    [Tier2 In-place Quant] 6 cols -> 8-bit Fake Quant, rel_err=0.003145
    [Summary] Outlier total: 9 (Tier1 FP16: 3, Tier2 INT8: 6) | Base INT3: 8183
Quantizing model.layers.43.mlp.down_proj (Allocated Outlier Cols=10)
    [Tier2 In-place Quant] 11 cols -> 8-bit Fake Quant, rel_err=0.003854
    [Summary] Outlier total: 15 (Tier1 FP16: 4, Tier2 INT8: 11) | Base INT3: 28657
Quantizing model.layers.44.self_attn.q_proj (Allocated Outlier Cols=16)
    [Tier2 In-place Quant] 17 cols -> 8-bit Fake Quant, rel_err=0.004217
    [Summary] Outlier total: 24 (Tier1 FP16: 7, Tier2 INT8: 17) | Base INT3: 8168
Quantizing model.layers.44.self_attn.k_proj (Allocated Outlier Cols=12)
    [Tier2 In-place Quant] 13 cols -> 8-bit Fake Quant, rel_err=0.003896
    [Summary] Outlier total: 18 (Tier1 FP16: 5, Tier2 INT8: 13) | Base INT3: 8174
Quantizing model.layers.44.self_attn.v_proj (Allocated Outlier Cols=10)
    [Tier2 In-place Quant] 11 cols -> 8-bit Fake Quant, rel_err=0.003825
    [Summary] Outlier total: 15 (Tier1 FP16: 4, Tier2 INT8: 11) | Base INT3: 8177
Quantizing model.layers.44.self_attn.o_proj (Allocated Outlier Cols=8)
    [Tier2 In-place Quant] 8 cols -> 8-bit Fake Quant, rel_err=0.003335
    [Summary] Outlier total: 12 (Tier1 FP16: 4, Tier2 INT8: 8) | Base INT3: 8180
Quantizing model.layers.44.mlp.up_proj (Allocated Outlier Cols=6)
    [Tier2 In-place Quant] 6 cols -> 8-bit Fake Quant, rel_err=0.003030
    [Summary] Outlier total: 9 (Tier1 FP16: 3, Tier2 INT8: 6) | Base INT3: 8183
Quantizing model.layers.44.mlp.gate_proj (Allocated Outlier Cols=6)
    [Tier2 In-place Quant] 6 cols -> 8-bit Fake Quant, rel_err=0.003007
    [Summary] Outlier total: 9 (Tier1 FP16: 3, Tier2 INT8: 6) | Base INT3: 8183
Quantizing model.layers.44.mlp.down_proj (Allocated Outlier Cols=12)
    [Tier2 In-place Quant] 13 cols -> 8-bit Fake Quant, rel_err=0.003921
    [Summary] Outlier total: 18 (Tier1 FP16: 5, Tier2 INT8: 13) | Base INT3: 28654
Quantizing model.layers.45.self_attn.q_proj (Allocated Outlier Cols=14)
    [Tier2 In-place Quant] 15 cols -> 8-bit Fake Quant, rel_err=0.003916
    [Summary] Outlier total: 21 (Tier1 FP16: 6, Tier2 INT8: 15) | Base INT3: 8171
Quantizing model.layers.45.self_attn.k_proj (Allocated Outlier Cols=12)
    [Tier2 In-place Quant] 13 cols -> 8-bit Fake Quant, rel_err=0.003896
    [Summary] Outlier total: 18 (Tier1 FP16: 5, Tier2 INT8: 13) | Base INT3: 8174
Quantizing model.layers.45.self_attn.v_proj (Allocated Outlier Cols=10)
    [Tier2 In-place Quant] 11 cols -> 8-bit Fake Quant, rel_err=0.003962
    [Summary] Outlier total: 15 (Tier1 FP16: 4, Tier2 INT8: 11) | Base INT3: 8177
Quantizing model.layers.45.self_attn.o_proj (Allocated Outlier Cols=8)
    [Tier2 In-place Quant] 8 cols -> 8-bit Fake Quant, rel_err=0.003427
    [Summary] Outlier total: 12 (Tier1 FP16: 4, Tier2 INT8: 8) | Base INT3: 8180
Quantizing model.layers.45.mlp.up_proj (Allocated Outlier Cols=6)
    [Tier2 In-place Quant] 6 cols -> 8-bit Fake Quant, rel_err=0.003063
    [Summary] Outlier total: 9 (Tier1 FP16: 3, Tier2 INT8: 6) | Base INT3: 8183
Quantizing model.layers.45.mlp.gate_proj (Allocated Outlier Cols=8)
    [Tier2 In-place Quant] 8 cols -> 8-bit Fake Quant, rel_err=0.003350
    [Summary] Outlier total: 12 (Tier1 FP16: 4, Tier2 INT8: 8) | Base INT3: 8180
Quantizing model.layers.45.mlp.down_proj (Allocated Outlier Cols=10)
    [Tier2 In-place Quant] 11 cols -> 8-bit Fake Quant, rel_err=0.003732
    [Summary] Outlier total: 15 (Tier1 FP16: 4, Tier2 INT8: 11) | Base INT3: 28657
Quantizing model.layers.46.self_attn.q_proj (Allocated Outlier Cols=14)
    [Tier2 In-place Quant] 15 cols -> 8-bit Fake Quant, rel_err=0.003960
    [Summary] Outlier total: 21 (Tier1 FP16: 6, Tier2 INT8: 15) | Base INT3: 8171
Quantizing model.layers.46.self_attn.k_proj (Allocated Outlier Cols=12)
    [Tier2 In-place Quant] 13 cols -> 8-bit Fake Quant, rel_err=0.003804
    [Summary] Outlier total: 18 (Tier1 FP16: 5, Tier2 INT8: 13) | Base INT3: 8174
Quantizing model.layers.46.self_attn.v_proj (Allocated Outlier Cols=10)
    [Tier2 In-place Quant] 11 cols -> 8-bit Fake Quant, rel_err=0.003745
    [Summary] Outlier total: 15 (Tier1 FP16: 4, Tier2 INT8: 11) | Base INT3: 8177
Quantizing model.layers.46.self_attn.o_proj (Allocated Outlier Cols=8)
    [Tier2 In-place Quant] 8 cols -> 8-bit Fake Quant, rel_err=0.003364
    [Summary] Outlier total: 12 (Tier1 FP16: 4, Tier2 INT8: 8) | Base INT3: 8180
Quantizing model.layers.46.mlp.up_proj (Allocated Outlier Cols=6)
    [Tier2 In-place Quant] 6 cols -> 8-bit Fake Quant, rel_err=0.003075
    [Summary] Outlier total: 9 (Tier1 FP16: 3, Tier2 INT8: 6) | Base INT3: 8183
Quantizing model.layers.46.mlp.gate_proj (Allocated Outlier Cols=8)
    [Tier2 In-place Quant] 8 cols -> 8-bit Fake Quant, rel_err=0.003381
    [Summary] Outlier total: 12 (Tier1 FP16: 4, Tier2 INT8: 8) | Base INT3: 8180
Quantizing model.layers.46.mlp.down_proj (Allocated Outlier Cols=12)
    [Tier2 In-place Quant] 13 cols -> 8-bit Fake Quant, rel_err=0.003900
    [Summary] Outlier total: 18 (Tier1 FP16: 5, Tier2 INT8: 13) | Base INT3: 28654
Quantizing model.layers.47.self_attn.q_proj (Allocated Outlier Cols=14)
    [Tier2 In-place Quant] 15 cols -> 8-bit Fake Quant, rel_err=0.004079
    [Summary] Outlier total: 21 (Tier1 FP16: 6, Tier2 INT8: 15) | Base INT3: 8171
Quantizing model.layers.47.self_attn.k_proj (Allocated Outlier Cols=12)
    [Tier2 In-place Quant] 13 cols -> 8-bit Fake Quant, rel_err=0.003836
    [Summary] Outlier total: 18 (Tier1 FP16: 5, Tier2 INT8: 13) | Base INT3: 8174
Quantizing model.layers.47.self_attn.v_proj (Allocated Outlier Cols=10)
    [Tier2 In-place Quant] 11 cols -> 8-bit Fake Quant, rel_err=0.003868
    [Summary] Outlier total: 15 (Tier1 FP16: 4, Tier2 INT8: 11) | Base INT3: 8177
Quantizing model.layers.47.self_attn.o_proj (Allocated Outlier Cols=8)
    [Tier2 In-place Quant] 8 cols -> 8-bit Fake Quant, rel_err=0.003353
    [Summary] Outlier total: 12 (Tier1 FP16: 4, Tier2 INT8: 8) | Base INT3: 8180
Quantizing model.layers.47.mlp.up_proj (Allocated Outlier Cols=6)
    [Tier2 In-place Quant] 6 cols -> 8-bit Fake Quant, rel_err=0.003067
    [Summary] Outlier total: 9 (Tier1 FP16: 3, Tier2 INT8: 6) | Base INT3: 8183
Quantizing model.layers.47.mlp.gate_proj (Allocated Outlier Cols=8)
    [Tier2 In-place Quant] 8 cols -> 8-bit Fake Quant, rel_err=0.003275
    [Summary] Outlier total: 12 (Tier1 FP16: 4, Tier2 INT8: 8) | Base INT3: 8180
Quantizing model.layers.47.mlp.down_proj (Allocated Outlier Cols=10)
    [Tier2 In-place Quant] 11 cols -> 8-bit Fake Quant, rel_err=0.003714
    [Summary] Outlier total: 15 (Tier1 FP16: 4, Tier2 INT8: 11) | Base INT3: 28657
Quantizing model.layers.48.self_attn.q_proj (Allocated Outlier Cols=12)
    [Tier2 In-place Quant] 13 cols -> 8-bit Fake Quant, rel_err=0.003797
    [Summary] Outlier total: 18 (Tier1 FP16: 5, Tier2 INT8: 13) | Base INT3: 8174
Quantizing model.layers.48.self_attn.k_proj (Allocated Outlier Cols=10)
    [Tier2 In-place Quant] 11 cols -> 8-bit Fake Quant, rel_err=0.003712
    [Summary] Outlier total: 15 (Tier1 FP16: 4, Tier2 INT8: 11) | Base INT3: 8177
Quantizing model.layers.48.self_attn.v_proj (Allocated Outlier Cols=10)
    [Tier2 In-place Quant] 11 cols -> 8-bit Fake Quant, rel_err=0.003734
    [Summary] Outlier total: 15 (Tier1 FP16: 4, Tier2 INT8: 11) | Base INT3: 8177
Quantizing model.layers.48.self_attn.o_proj (Allocated Outlier Cols=8)
    [Tier2 In-place Quant] 8 cols -> 8-bit Fake Quant, rel_err=0.003355
    [Summary] Outlier total: 12 (Tier1 FP16: 4, Tier2 INT8: 8) | Base INT3: 8180
Quantizing model.layers.48.mlp.up_proj (Allocated Outlier Cols=6)
    [Tier2 In-place Quant] 6 cols -> 8-bit Fake Quant, rel_err=0.003038
    [Summary] Outlier total: 9 (Tier1 FP16: 3, Tier2 INT8: 6) | Base INT3: 8183
Quantizing model.layers.48.mlp.gate_proj (Allocated Outlier Cols=8)
    [Tier2 In-place Quant] 8 cols -> 8-bit Fake Quant, rel_err=0.003289
    [Summary] Outlier total: 12 (Tier1 FP16: 4, Tier2 INT8: 8) | Base INT3: 8180
Quantizing model.layers.48.mlp.down_proj (Allocated Outlier Cols=12)
    [Tier2 In-place Quant] 13 cols -> 8-bit Fake Quant, rel_err=0.003966
    [Summary] Outlier total: 18 (Tier1 FP16: 5, Tier2 INT8: 13) | Base INT3: 28654
Quantizing model.layers.49.self_attn.q_proj (Allocated Outlier Cols=12)
    [Tier2 In-place Quant] 13 cols -> 8-bit Fake Quant, rel_err=0.003912
    [Summary] Outlier total: 18 (Tier1 FP16: 5, Tier2 INT8: 13) | Base INT3: 8174
Quantizing model.layers.49.self_attn.k_proj (Allocated Outlier Cols=10)
    [Tier2 In-place Quant] 11 cols -> 8-bit Fake Quant, rel_err=0.003666
    [Summary] Outlier total: 15 (Tier1 FP16: 4, Tier2 INT8: 11) | Base INT3: 8177
Quantizing model.layers.49.self_attn.v_proj (Allocated Outlier Cols=10)
    [Tier2 In-place Quant] 11 cols -> 8-bit Fake Quant, rel_err=0.003759
    [Summary] Outlier total: 15 (Tier1 FP16: 4, Tier2 INT8: 11) | Base INT3: 8177
Quantizing model.layers.49.self_attn.o_proj (Allocated Outlier Cols=8)
    [Tier2 In-place Quant] 8 cols -> 8-bit Fake Quant, rel_err=0.003222
    [Summary] Outlier total: 12 (Tier1 FP16: 4, Tier2 INT8: 8) | Base INT3: 8180
Quantizing model.layers.49.mlp.up_proj (Allocated Outlier Cols=8)
    [Tier2 In-place Quant] 8 cols -> 8-bit Fake Quant, rel_err=0.003392
    [Summary] Outlier total: 12 (Tier1 FP16: 4, Tier2 INT8: 8) | Base INT3: 8180
Quantizing model.layers.49.mlp.gate_proj (Allocated Outlier Cols=8)
    [Tier2 In-place Quant] 8 cols -> 8-bit Fake Quant, rel_err=0.003400
    [Summary] Outlier total: 12 (Tier1 FP16: 4, Tier2 INT8: 8) | Base INT3: 8180
Quantizing model.layers.49.mlp.down_proj (Allocated Outlier Cols=10)
    [Tier2 In-place Quant] 11 cols -> 8-bit Fake Quant, rel_err=0.003727
    [Summary] Outlier total: 15 (Tier1 FP16: 4, Tier2 INT8: 11) | Base INT3: 28657
Quantizing model.layers.50.self_attn.q_proj (Allocated Outlier Cols=12)
    [Tier2 In-place Quant] 13 cols -> 8-bit Fake Quant, rel_err=0.003819
    [Summary] Outlier total: 18 (Tier1 FP16: 5, Tier2 INT8: 13) | Base INT3: 8174
Quantizing model.layers.50.self_attn.k_proj (Allocated Outlier Cols=10)
    [Tier2 In-place Quant] 11 cols -> 8-bit Fake Quant, rel_err=0.003705
    [Summary] Outlier total: 15 (Tier1 FP16: 4, Tier2 INT8: 11) | Base INT3: 8177
Quantizing model.layers.50.self_attn.v_proj (Allocated Outlier Cols=10)
    [Tier2 In-place Quant] 11 cols -> 8-bit Fake Quant, rel_err=0.003844
    [Summary] Outlier total: 15 (Tier1 FP16: 4, Tier2 INT8: 11) | Base INT3: 8177
Quantizing model.layers.50.self_attn.o_proj (Allocated Outlier Cols=8)
    [Tier2 In-place Quant] 8 cols -> 8-bit Fake Quant, rel_err=0.003361
    [Summary] Outlier total: 12 (Tier1 FP16: 4, Tier2 INT8: 8) | Base INT3: 8180
Quantizing model.layers.50.mlp.up_proj (Allocated Outlier Cols=8)
    [Tier2 In-place Quant] 8 cols -> 8-bit Fake Quant, rel_err=0.003390
    [Summary] Outlier total: 12 (Tier1 FP16: 4, Tier2 INT8: 8) | Base INT3: 8180
Quantizing model.layers.50.mlp.gate_proj (Allocated Outlier Cols=8)
    [Tier2 In-place Quant] 8 cols -> 8-bit Fake Quant, rel_err=0.003353
    [Summary] Outlier total: 12 (Tier1 FP16: 4, Tier2 INT8: 8) | Base INT3: 8180
Quantizing model.layers.50.mlp.down_proj (Allocated Outlier Cols=12)
    [Tier2 In-place Quant] 13 cols -> 8-bit Fake Quant, rel_err=0.003924
    [Summary] Outlier total: 18 (Tier1 FP16: 5, Tier2 INT8: 13) | Base INT3: 28654
Quantizing model.layers.51.self_attn.q_proj (Allocated Outlier Cols=14)
    [Tier2 In-place Quant] 15 cols -> 8-bit Fake Quant, rel_err=0.003995
    [Summary] Outlier total: 21 (Tier1 FP16: 6, Tier2 INT8: 15) | Base INT3: 8171
Quantizing model.layers.51.self_attn.k_proj (Allocated Outlier Cols=10)
    [Tier2 In-place Quant] 11 cols -> 8-bit Fake Quant, rel_err=0.003686
    [Summary] Outlier total: 15 (Tier1 FP16: 4, Tier2 INT8: 11) | Base INT3: 8177
Quantizing model.layers.51.self_attn.v_proj (Allocated Outlier Cols=10)
    [Tier2 In-place Quant] 11 cols -> 8-bit Fake Quant, rel_err=0.003743
    [Summary] Outlier total: 15 (Tier1 FP16: 4, Tier2 INT8: 11) | Base INT3: 8177
Quantizing model.layers.51.self_attn.o_proj (Allocated Outlier Cols=8)
    [Tier2 In-place Quant] 8 cols -> 8-bit Fake Quant, rel_err=0.003412
    [Summary] Outlier total: 12 (Tier1 FP16: 4, Tier2 INT8: 8) | Base INT3: 8180
Quantizing model.layers.51.mlp.up_proj (Allocated Outlier Cols=8)
    [Tier2 In-place Quant] 8 cols -> 8-bit Fake Quant, rel_err=0.003371
    [Summary] Outlier total: 12 (Tier1 FP16: 4, Tier2 INT8: 8) | Base INT3: 8180
Quantizing model.layers.51.mlp.gate_proj (Allocated Outlier Cols=8)
    [Tier2 In-place Quant] 8 cols -> 8-bit Fake Quant, rel_err=0.003359
    [Summary] Outlier total: 12 (Tier1 FP16: 4, Tier2 INT8: 8) | Base INT3: 8180
Quantizing model.layers.51.mlp.down_proj (Allocated Outlier Cols=12)
    [Tier2 In-place Quant] 13 cols -> 8-bit Fake Quant, rel_err=0.004078
    [Summary] Outlier total: 18 (Tier1 FP16: 5, Tier2 INT8: 13) | Base INT3: 28654
Quantizing model.layers.52.self_attn.q_proj (Allocated Outlier Cols=14)
    [Tier2 In-place Quant] 15 cols -> 8-bit Fake Quant, rel_err=0.003997
    [Summary] Outlier total: 21 (Tier1 FP16: 6, Tier2 INT8: 15) | Base INT3: 8171
Quantizing model.layers.52.self_attn.k_proj (Allocated Outlier Cols=12)
    [Tier2 In-place Quant] 13 cols -> 8-bit Fake Quant, rel_err=0.003840
    [Summary] Outlier total: 18 (Tier1 FP16: 5, Tier2 INT8: 13) | Base INT3: 8174
Quantizing model.layers.52.self_attn.v_proj (Allocated Outlier Cols=12)
    [Tier2 In-place Quant] 13 cols -> 8-bit Fake Quant, rel_err=0.003897
    [Summary] Outlier total: 18 (Tier1 FP16: 5, Tier2 INT8: 13) | Base INT3: 8174
Quantizing model.layers.52.self_attn.o_proj (Allocated Outlier Cols=8)
    [Tier2 In-place Quant] 8 cols -> 8-bit Fake Quant, rel_err=0.003307
    [Summary] Outlier total: 12 (Tier1 FP16: 4, Tier2 INT8: 8) | Base INT3: 8180
Quantizing model.layers.52.mlp.up_proj (Allocated Outlier Cols=8)
    [Tier2 In-place Quant] 8 cols -> 8-bit Fake Quant, rel_err=0.003365
    [Summary] Outlier total: 12 (Tier1 FP16: 4, Tier2 INT8: 8) | Base INT3: 8180
Quantizing model.layers.52.mlp.gate_proj (Allocated Outlier Cols=8)
    [Tier2 In-place Quant] 8 cols -> 8-bit Fake Quant, rel_err=0.003372
    [Summary] Outlier total: 12 (Tier1 FP16: 4, Tier2 INT8: 8) | Base INT3: 8180
Quantizing model.layers.52.mlp.down_proj (Allocated Outlier Cols=10)
    [Tier2 In-place Quant] 11 cols -> 8-bit Fake Quant, rel_err=0.003704
    [Summary] Outlier total: 15 (Tier1 FP16: 4, Tier2 INT8: 11) | Base INT3: 28657
Quantizing model.layers.53.self_attn.q_proj (Allocated Outlier Cols=12)
    [Tier2 In-place Quant] 13 cols -> 8-bit Fake Quant, rel_err=0.003905
    [Summary] Outlier total: 18 (Tier1 FP16: 5, Tier2 INT8: 13) | Base INT3: 8174
Quantizing model.layers.53.self_attn.k_proj (Allocated Outlier Cols=10)
    [Tier2 In-place Quant] 11 cols -> 8-bit Fake Quant, rel_err=0.003665
    [Summary] Outlier total: 15 (Tier1 FP16: 4, Tier2 INT8: 11) | Base INT3: 8177
Quantizing model.layers.53.self_attn.v_proj (Allocated Outlier Cols=10)
    [Tier2 In-place Quant] 11 cols -> 8-bit Fake Quant, rel_err=0.003697
    [Summary] Outlier total: 15 (Tier1 FP16: 4, Tier2 INT8: 11) | Base INT3: 8177
Quantizing model.layers.53.self_attn.o_proj (Allocated Outlier Cols=8)
    [Tier2 In-place Quant] 8 cols -> 8-bit Fake Quant, rel_err=0.003375
    [Summary] Outlier total: 12 (Tier1 FP16: 4, Tier2 INT8: 8) | Base INT3: 8180
Quantizing model.layers.53.mlp.up_proj (Allocated Outlier Cols=8)
    [Tier2 In-place Quant] 8 cols -> 8-bit Fake Quant, rel_err=0.003382
    [Summary] Outlier total: 12 (Tier1 FP16: 4, Tier2 INT8: 8) | Base INT3: 8180
Quantizing model.layers.53.mlp.gate_proj (Allocated Outlier Cols=8)
    [Tier2 In-place Quant] 8 cols -> 8-bit Fake Quant, rel_err=0.003388
    [Summary] Outlier total: 12 (Tier1 FP16: 4, Tier2 INT8: 8) | Base INT3: 8180
Quantizing model.layers.53.mlp.down_proj (Allocated Outlier Cols=12)
    [Tier2 In-place Quant] 13 cols -> 8-bit Fake Quant, rel_err=0.003906
    [Summary] Outlier total: 18 (Tier1 FP16: 5, Tier2 INT8: 13) | Base INT3: 28654
Quantizing model.layers.54.self_attn.q_proj (Allocated Outlier Cols=12)
    [Tier2 In-place Quant] 13 cols -> 8-bit Fake Quant, rel_err=0.003826
    [Summary] Outlier total: 18 (Tier1 FP16: 5, Tier2 INT8: 13) | Base INT3: 8174
Quantizing model.layers.54.self_attn.k_proj (Allocated Outlier Cols=10)
    [Tier2 In-place Quant] 11 cols -> 8-bit Fake Quant, rel_err=0.003638
    [Summary] Outlier total: 15 (Tier1 FP16: 4, Tier2 INT8: 11) | Base INT3: 8177
Quantizing model.layers.54.self_attn.v_proj (Allocated Outlier Cols=10)
    [Tier2 In-place Quant] 11 cols -> 8-bit Fake Quant, rel_err=0.003697
    [Summary] Outlier total: 15 (Tier1 FP16: 4, Tier2 INT8: 11) | Base INT3: 8177
Quantizing model.layers.54.self_attn.o_proj (Allocated Outlier Cols=8)
    [Tier2 In-place Quant] 8 cols -> 8-bit Fake Quant, rel_err=0.003344
    [Summary] Outlier total: 12 (Tier1 FP16: 4, Tier2 INT8: 8) | Base INT3: 8180
Quantizing model.layers.54.mlp.up_proj (Allocated Outlier Cols=8)
    [Tier2 In-place Quant] 8 cols -> 8-bit Fake Quant, rel_err=0.003389
    [Summary] Outlier total: 12 (Tier1 FP16: 4, Tier2 INT8: 8) | Base INT3: 8180
Quantizing model.layers.54.mlp.gate_proj (Allocated Outlier Cols=8)
    [Tier2 In-place Quant] 8 cols -> 8-bit Fake Quant, rel_err=0.003391
    [Summary] Outlier total: 12 (Tier1 FP16: 4, Tier2 INT8: 8) | Base INT3: 8180
Quantizing model.layers.54.mlp.down_proj (Allocated Outlier Cols=12)
    [Tier2 In-place Quant] 13 cols -> 8-bit Fake Quant, rel_err=0.003895
    [Summary] Outlier total: 18 (Tier1 FP16: 5, Tier2 INT8: 13) | Base INT3: 28654
Quantizing model.layers.55.self_attn.q_proj (Allocated Outlier Cols=14)
    [Tier2 In-place Quant] 15 cols -> 8-bit Fake Quant, rel_err=0.003996
    [Summary] Outlier total: 21 (Tier1 FP16: 6, Tier2 INT8: 15) | Base INT3: 8171
Quantizing model.layers.55.self_attn.k_proj (Allocated Outlier Cols=12)
    [Tier2 In-place Quant] 13 cols -> 8-bit Fake Quant, rel_err=0.003905
    [Summary] Outlier total: 18 (Tier1 FP16: 5, Tier2 INT8: 13) | Base INT3: 8174
Quantizing model.layers.55.self_attn.v_proj (Allocated Outlier Cols=10)
    [Tier2 In-place Quant] 11 cols -> 8-bit Fake Quant, rel_err=0.003699
    [Summary] Outlier total: 15 (Tier1 FP16: 4, Tier2 INT8: 11) | Base INT3: 8177
Quantizing model.layers.55.self_attn.o_proj (Allocated Outlier Cols=8)
    [Tier2 In-place Quant] 8 cols -> 8-bit Fake Quant, rel_err=0.003370
    [Summary] Outlier total: 12 (Tier1 FP16: 4, Tier2 INT8: 8) | Base INT3: 8180
Quantizing model.layers.55.mlp.up_proj (Allocated Outlier Cols=8)
    [Tier2 In-place Quant] 8 cols -> 8-bit Fake Quant, rel_err=0.003399
    [Summary] Outlier total: 12 (Tier1 FP16: 4, Tier2 INT8: 8) | Base INT3: 8180
Quantizing model.layers.55.mlp.gate_proj (Allocated Outlier Cols=8)
    [Tier2 In-place Quant] 8 cols -> 8-bit Fake Quant, rel_err=0.003356
    [Summary] Outlier total: 12 (Tier1 FP16: 4, Tier2 INT8: 8) | Base INT3: 8180
Quantizing model.layers.55.mlp.down_proj (Allocated Outlier Cols=12)
    [Tier2 In-place Quant] 13 cols -> 8-bit Fake Quant, rel_err=0.003971
    [Summary] Outlier total: 18 (Tier1 FP16: 5, Tier2 INT8: 13) | Base INT3: 28654
Quantizing model.layers.56.self_attn.q_proj (Allocated Outlier Cols=12)
    [Tier2 In-place Quant] 13 cols -> 8-bit Fake Quant, rel_err=0.003866
    [Summary] Outlier total: 18 (Tier1 FP16: 5, Tier2 INT8: 13) | Base INT3: 8174
Quantizing model.layers.56.self_attn.k_proj (Allocated Outlier Cols=10)
    [Tier2 In-place Quant] 11 cols -> 8-bit Fake Quant, rel_err=0.003681
    [Summary] Outlier total: 15 (Tier1 FP16: 4, Tier2 INT8: 11) | Base INT3: 8177
Quantizing model.layers.56.self_attn.v_proj (Allocated Outlier Cols=10)
    [Tier2 In-place Quant] 11 cols -> 8-bit Fake Quant, rel_err=0.003796
    [Summary] Outlier total: 15 (Tier1 FP16: 4, Tier2 INT8: 11) | Base INT3: 8177
Quantizing model.layers.56.self_attn.o_proj (Allocated Outlier Cols=8)
    [Tier2 In-place Quant] 8 cols -> 8-bit Fake Quant, rel_err=0.003442
    [Summary] Outlier total: 12 (Tier1 FP16: 4, Tier2 INT8: 8) | Base INT3: 8180
Quantizing model.layers.56.mlp.up_proj (Allocated Outlier Cols=8)
    [Tier2 In-place Quant] 8 cols -> 8-bit Fake Quant, rel_err=0.003377
    [Summary] Outlier total: 12 (Tier1 FP16: 4, Tier2 INT8: 8) | Base INT3: 8180
Quantizing model.layers.56.mlp.gate_proj (Allocated Outlier Cols=8)
    [Tier2 In-place Quant] 8 cols -> 8-bit Fake Quant, rel_err=0.003385
    [Summary] Outlier total: 12 (Tier1 FP16: 4, Tier2 INT8: 8) | Base INT3: 8180
Quantizing model.layers.56.mlp.down_proj (Allocated Outlier Cols=12)
    [Tier2 In-place Quant] 13 cols -> 8-bit Fake Quant, rel_err=0.003892
    [Summary] Outlier total: 18 (Tier1 FP16: 5, Tier2 INT8: 13) | Base INT3: 28654
Quantizing model.layers.57.self_attn.q_proj (Allocated Outlier Cols=12)
    [Tier2 In-place Quant] 13 cols -> 8-bit Fake Quant, rel_err=0.003832
    [Summary] Outlier total: 18 (Tier1 FP16: 5, Tier2 INT8: 13) | Base INT3: 8174
Quantizing model.layers.57.self_attn.k_proj (Allocated Outlier Cols=10)
    [Tier2 In-place Quant] 11 cols -> 8-bit Fake Quant, rel_err=0.003700
    [Summary] Outlier total: 15 (Tier1 FP16: 4, Tier2 INT8: 11) | Base INT3: 8177
Quantizing model.layers.57.self_attn.v_proj (Allocated Outlier Cols=10)
    [Tier2 In-place Quant] 11 cols -> 8-bit Fake Quant, rel_err=0.003722
    [Summary] Outlier total: 15 (Tier1 FP16: 4, Tier2 INT8: 11) | Base INT3: 8177
Quantizing model.layers.57.self_attn.o_proj (Allocated Outlier Cols=8)
    [Tier2 In-place Quant] 8 cols -> 8-bit Fake Quant, rel_err=0.003376
    [Summary] Outlier total: 12 (Tier1 FP16: 4, Tier2 INT8: 8) | Base INT3: 8180
Quantizing model.layers.57.mlp.up_proj (Allocated Outlier Cols=8)
    [Tier2 In-place Quant] 8 cols -> 8-bit Fake Quant, rel_err=0.003352
    [Summary] Outlier total: 12 (Tier1 FP16: 4, Tier2 INT8: 8) | Base INT3: 8180
Quantizing model.layers.57.mlp.gate_proj (Allocated Outlier Cols=8)
    [Tier2 In-place Quant] 8 cols -> 8-bit Fake Quant, rel_err=0.003401
    [Summary] Outlier total: 12 (Tier1 FP16: 4, Tier2 INT8: 8) | Base INT3: 8180
Quantizing model.layers.57.mlp.down_proj (Allocated Outlier Cols=12)
    [Tier2 In-place Quant] 13 cols -> 8-bit Fake Quant, rel_err=0.003914
    [Summary] Outlier total: 18 (Tier1 FP16: 5, Tier2 INT8: 13) | Base INT3: 28654
Quantizing model.layers.58.self_attn.q_proj (Allocated Outlier Cols=12)
    [Tier2 In-place Quant] 13 cols -> 8-bit Fake Quant, rel_err=0.003884
    [Summary] Outlier total: 18 (Tier1 FP16: 5, Tier2 INT8: 13) | Base INT3: 8174
Quantizing model.layers.58.self_attn.k_proj (Allocated Outlier Cols=10)
    [Tier2 In-place Quant] 11 cols -> 8-bit Fake Quant, rel_err=0.003673
    [Summary] Outlier total: 15 (Tier1 FP16: 4, Tier2 INT8: 11) | Base INT3: 8177
Quantizing model.layers.58.self_attn.v_proj (Allocated Outlier Cols=10)
    [Tier2 In-place Quant] 11 cols -> 8-bit Fake Quant, rel_err=0.003730
    [Summary] Outlier total: 15 (Tier1 FP16: 4, Tier2 INT8: 11) | Base INT3: 8177
Quantizing model.layers.58.self_attn.o_proj (Allocated Outlier Cols=8)
    [Tier2 In-place Quant] 8 cols -> 8-bit Fake Quant, rel_err=0.003515
    [Summary] Outlier total: 12 (Tier1 FP16: 4, Tier2 INT8: 8) | Base INT3: 8180
Quantizing model.layers.58.mlp.up_proj (Allocated Outlier Cols=8)
    [Tier2 In-place Quant] 8 cols -> 8-bit Fake Quant, rel_err=0.003383
    [Summary] Outlier total: 12 (Tier1 FP16: 4, Tier2 INT8: 8) | Base INT3: 8180
Quantizing model.layers.58.mlp.gate_proj (Allocated Outlier Cols=8)
    [Tier2 In-place Quant] 8 cols -> 8-bit Fake Quant, rel_err=0.003395
    [Summary] Outlier total: 12 (Tier1 FP16: 4, Tier2 INT8: 8) | Base INT3: 8180
Quantizing model.layers.58.mlp.down_proj (Allocated Outlier Cols=12)
    [Tier2 In-place Quant] 13 cols -> 8-bit Fake Quant, rel_err=0.003967
    [Summary] Outlier total: 18 (Tier1 FP16: 5, Tier2 INT8: 13) | Base INT3: 28654
Quantizing model.layers.59.self_attn.q_proj (Allocated Outlier Cols=12)
    [Tier2 In-place Quant] 13 cols -> 8-bit Fake Quant, rel_err=0.003888
    [Summary] Outlier total: 18 (Tier1 FP16: 5, Tier2 INT8: 13) | Base INT3: 8174
Quantizing model.layers.59.self_attn.k_proj (Allocated Outlier Cols=10)
    [Tier2 In-place Quant] 11 cols -> 8-bit Fake Quant, rel_err=0.003660
    [Summary] Outlier total: 15 (Tier1 FP16: 4, Tier2 INT8: 11) | Base INT3: 8177
Quantizing model.layers.59.self_attn.v_proj (Allocated Outlier Cols=10)
    [Tier2 In-place Quant] 11 cols -> 8-bit Fake Quant, rel_err=0.003791
    [Summary] Outlier total: 15 (Tier1 FP16: 4, Tier2 INT8: 11) | Base INT3: 8177
Quantizing model.layers.59.self_attn.o_proj (Allocated Outlier Cols=8)
    [Tier2 In-place Quant] 8 cols -> 8-bit Fake Quant, rel_err=0.003333
    [Summary] Outlier total: 12 (Tier1 FP16: 4, Tier2 INT8: 8) | Base INT3: 8180
Quantizing model.layers.59.mlp.up_proj (Allocated Outlier Cols=8)
    [Tier2 In-place Quant] 8 cols -> 8-bit Fake Quant, rel_err=0.003384
    [Summary] Outlier total: 12 (Tier1 FP16: 4, Tier2 INT8: 8) | Base INT3: 8180
Quantizing model.layers.59.mlp.gate_proj (Allocated Outlier Cols=8)
    [Tier2 In-place Quant] 8 cols -> 8-bit Fake Quant, rel_err=0.003368
    [Summary] Outlier total: 12 (Tier1 FP16: 4, Tier2 INT8: 8) | Base INT3: 8180
Quantizing model.layers.59.mlp.down_proj (Allocated Outlier Cols=12)
    [Tier2 In-place Quant] 13 cols -> 8-bit Fake Quant, rel_err=0.003896
    [Summary] Outlier total: 18 (Tier1 FP16: 5, Tier2 INT8: 13) | Base INT3: 28654
Quantizing model.layers.60.self_attn.q_proj (Allocated Outlier Cols=10)
    [Tier2 In-place Quant] 11 cols -> 8-bit Fake Quant, rel_err=0.003633
    [Summary] Outlier total: 15 (Tier1 FP16: 4, Tier2 INT8: 11) | Base INT3: 8177
Quantizing model.layers.60.self_attn.k_proj (Allocated Outlier Cols=10)
    [Tier2 In-place Quant] 11 cols -> 8-bit Fake Quant, rel_err=0.003636
    [Summary] Outlier total: 15 (Tier1 FP16: 4, Tier2 INT8: 11) | Base INT3: 8177
Quantizing model.layers.60.self_attn.v_proj (Allocated Outlier Cols=10)
    [Tier2 In-place Quant] 11 cols -> 8-bit Fake Quant, rel_err=0.003812
    [Summary] Outlier total: 15 (Tier1 FP16: 4, Tier2 INT8: 11) | Base INT3: 8177
Quantizing model.layers.60.self_attn.o_proj (Allocated Outlier Cols=8)
    [Tier2 In-place Quant] 8 cols -> 8-bit Fake Quant, rel_err=0.003333
    [Summary] Outlier total: 12 (Tier1 FP16: 4, Tier2 INT8: 8) | Base INT3: 8180
Quantizing model.layers.60.mlp.up_proj (Allocated Outlier Cols=8)
    [Tier2 In-place Quant] 8 cols -> 8-bit Fake Quant, rel_err=0.003383
    [Summary] Outlier total: 12 (Tier1 FP16: 4, Tier2 INT8: 8) | Base INT3: 8180
Quantizing model.layers.60.mlp.gate_proj (Allocated Outlier Cols=8)
    [Tier2 In-place Quant] 8 cols -> 8-bit Fake Quant, rel_err=0.003368
    [Summary] Outlier total: 12 (Tier1 FP16: 4, Tier2 INT8: 8) | Base INT3: 8180
Quantizing model.layers.60.mlp.down_proj (Allocated Outlier Cols=12)
    [Tier2 In-place Quant] 13 cols -> 8-bit Fake Quant, rel_err=0.003915
    [Summary] Outlier total: 18 (Tier1 FP16: 5, Tier2 INT8: 13) | Base INT3: 28654
Quantizing model.layers.61.self_attn.q_proj (Allocated Outlier Cols=12)
    [Tier2 In-place Quant] 13 cols -> 8-bit Fake Quant, rel_err=0.003926
    [Summary] Outlier total: 18 (Tier1 FP16: 5, Tier2 INT8: 13) | Base INT3: 8174
Quantizing model.layers.61.self_attn.k_proj (Allocated Outlier Cols=10)
    [Tier2 In-place Quant] 11 cols -> 8-bit Fake Quant, rel_err=0.003595
    [Summary] Outlier total: 15 (Tier1 FP16: 4, Tier2 INT8: 11) | Base INT3: 8177
Quantizing model.layers.61.self_attn.v_proj (Allocated Outlier Cols=10)
    [Tier2 In-place Quant] 11 cols -> 8-bit Fake Quant, rel_err=0.003805
    [Summary] Outlier total: 15 (Tier1 FP16: 4, Tier2 INT8: 11) | Base INT3: 8177
Quantizing model.layers.61.self_attn.o_proj (Allocated Outlier Cols=8)
    [Tier2 In-place Quant] 8 cols -> 8-bit Fake Quant, rel_err=0.003337
    [Summary] Outlier total: 12 (Tier1 FP16: 4, Tier2 INT8: 8) | Base INT3: 8180
Quantizing model.layers.61.mlp.up_proj (Allocated Outlier Cols=8)
    [Tier2 In-place Quant] 8 cols -> 8-bit Fake Quant, rel_err=0.003366
    [Summary] Outlier total: 12 (Tier1 FP16: 4, Tier2 INT8: 8) | Base INT3: 8180
Quantizing model.layers.61.mlp.gate_proj (Allocated Outlier Cols=8)
    [Tier2 In-place Quant] 8 cols -> 8-bit Fake Quant, rel_err=0.003345
    [Summary] Outlier total: 12 (Tier1 FP16: 4, Tier2 INT8: 8) | Base INT3: 8180
Quantizing model.layers.61.mlp.down_proj (Allocated Outlier Cols=12)
    [Tier2 In-place Quant] 13 cols -> 8-bit Fake Quant, rel_err=0.003894
    [Summary] Outlier total: 18 (Tier1 FP16: 5, Tier2 INT8: 13) | Base INT3: 28654
Quantizing model.layers.62.self_attn.q_proj (Allocated Outlier Cols=12)
    [Tier2 In-place Quant] 13 cols -> 8-bit Fake Quant, rel_err=0.003906
    [Summary] Outlier total: 18 (Tier1 FP16: 5, Tier2 INT8: 13) | Base INT3: 8174
Quantizing model.layers.62.self_attn.k_proj (Allocated Outlier Cols=10)
    [Tier2 In-place Quant] 11 cols -> 8-bit Fake Quant, rel_err=0.003710
    [Summary] Outlier total: 15 (Tier1 FP16: 4, Tier2 INT8: 11) | Base INT3: 8177
Quantizing model.layers.62.self_attn.v_proj (Allocated Outlier Cols=10)
    [Tier2 In-place Quant] 11 cols -> 8-bit Fake Quant, rel_err=0.003795
    [Summary] Outlier total: 15 (Tier1 FP16: 4, Tier2 INT8: 11) | Base INT3: 8177
Quantizing model.layers.62.self_attn.o_proj (Allocated Outlier Cols=8)
    [Tier2 In-place Quant] 8 cols -> 8-bit Fake Quant, rel_err=0.003372
    [Summary] Outlier total: 12 (Tier1 FP16: 4, Tier2 INT8: 8) | Base INT3: 8180
Quantizing model.layers.62.mlp.up_proj (Allocated Outlier Cols=8)
    [Tier2 In-place Quant] 8 cols -> 8-bit Fake Quant, rel_err=0.003375
    [Summary] Outlier total: 12 (Tier1 FP16: 4, Tier2 INT8: 8) | Base INT3: 8180
Quantizing model.layers.62.mlp.gate_proj (Allocated Outlier Cols=8)
    [Tier2 In-place Quant] 8 cols -> 8-bit Fake Quant, rel_err=0.003353
    [Summary] Outlier total: 12 (Tier1 FP16: 4, Tier2 INT8: 8) | Base INT3: 8180
Quantizing model.layers.62.mlp.down_proj (Allocated Outlier Cols=14)
    [Tier2 In-place Quant] 15 cols -> 8-bit Fake Quant, rel_err=0.004037
    [Summary] Outlier total: 21 (Tier1 FP16: 6, Tier2 INT8: 15) | Base INT3: 28651
Quantizing model.layers.63.self_attn.q_proj (Allocated Outlier Cols=12)
    [Tier2 In-place Quant] 13 cols -> 8-bit Fake Quant, rel_err=0.003983
    [Summary] Outlier total: 18 (Tier1 FP16: 5, Tier2 INT8: 13) | Base INT3: 8174
Quantizing model.layers.63.self_attn.k_proj (Allocated Outlier Cols=10)
    [Tier2 In-place Quant] 11 cols -> 8-bit Fake Quant, rel_err=0.003694
    [Summary] Outlier total: 15 (Tier1 FP16: 4, Tier2 INT8: 11) | Base INT3: 8177
Quantizing model.layers.63.self_attn.v_proj (Allocated Outlier Cols=10)
    [Tier2 In-place Quant] 11 cols -> 8-bit Fake Quant, rel_err=0.003806
    [Summary] Outlier total: 15 (Tier1 FP16: 4, Tier2 INT8: 11) | Base INT3: 8177
Quantizing model.layers.63.self_attn.o_proj (Allocated Outlier Cols=8)
    [Tier2 In-place Quant] 8 cols -> 8-bit Fake Quant, rel_err=0.003386
    [Summary] Outlier total: 12 (Tier1 FP16: 4, Tier2 INT8: 8) | Base INT3: 8180
Quantizing model.layers.63.mlp.up_proj (Allocated Outlier Cols=8)
    [Tier2 In-place Quant] 8 cols -> 8-bit Fake Quant, rel_err=0.003372
    [Summary] Outlier total: 12 (Tier1 FP16: 4, Tier2 INT8: 8) | Base INT3: 8180
Quantizing model.layers.63.mlp.gate_proj (Allocated Outlier Cols=8)
    [Tier2 In-place Quant] 8 cols -> 8-bit Fake Quant, rel_err=0.003351
    [Summary] Outlier total: 12 (Tier1 FP16: 4, Tier2 INT8: 8) | Base INT3: 8180
Quantizing model.layers.63.mlp.down_proj (Allocated Outlier Cols=12)
    [Tier2 In-place Quant] 13 cols -> 8-bit Fake Quant, rel_err=0.003907
    [Summary] Outlier total: 18 (Tier1 FP16: 5, Tier2 INT8: 13) | Base INT3: 28654
Quantizing model.layers.64.self_attn.q_proj (Allocated Outlier Cols=12)
    [Tier2 In-place Quant] 13 cols -> 8-bit Fake Quant, rel_err=0.003873
    [Summary] Outlier total: 18 (Tier1 FP16: 5, Tier2 INT8: 13) | Base INT3: 8174
Quantizing model.layers.64.self_attn.k_proj (Allocated Outlier Cols=10)
    [Tier2 In-place Quant] 11 cols -> 8-bit Fake Quant, rel_err=0.003609
    [Summary] Outlier total: 15 (Tier1 FP16: 4, Tier2 INT8: 11) | Base INT3: 8177
Quantizing model.layers.64.self_attn.v_proj (Allocated Outlier Cols=10)
    [Tier2 In-place Quant] 11 cols -> 8-bit Fake Quant, rel_err=0.003723
    [Summary] Outlier total: 15 (Tier1 FP16: 4, Tier2 INT8: 11) | Base INT3: 8177
Quantizing model.layers.64.self_attn.o_proj (Allocated Outlier Cols=8)
    [Tier2 In-place Quant] 8 cols -> 8-bit Fake Quant, rel_err=0.003360
    [Summary] Outlier total: 12 (Tier1 FP16: 4, Tier2 INT8: 8) | Base INT3: 8180
Quantizing model.layers.64.mlp.up_proj (Allocated Outlier Cols=8)
    [Tier2 In-place Quant] 8 cols -> 8-bit Fake Quant, rel_err=0.003347
    [Summary] Outlier total: 12 (Tier1 FP16: 4, Tier2 INT8: 8) | Base INT3: 8180
Quantizing model.layers.64.mlp.gate_proj (Allocated Outlier Cols=8)
    [Tier2 In-place Quant] 8 cols -> 8-bit Fake Quant, rel_err=0.003252
    [Summary] Outlier total: 12 (Tier1 FP16: 4, Tier2 INT8: 8) | Base INT3: 8180
Quantizing model.layers.64.mlp.down_proj (Allocated Outlier Cols=12)
    [Tier2 In-place Quant] 13 cols -> 8-bit Fake Quant, rel_err=0.003883
    [Summary] Outlier total: 18 (Tier1 FP16: 5, Tier2 INT8: 13) | Base INT3: 28654
Quantizing model.layers.65.self_attn.q_proj (Allocated Outlier Cols=10)
    [Tier2 In-place Quant] 11 cols -> 8-bit Fake Quant, rel_err=0.003738
    [Summary] Outlier total: 15 (Tier1 FP16: 4, Tier2 INT8: 11) | Base INT3: 8177
Quantizing model.layers.65.self_attn.k_proj (Allocated Outlier Cols=10)
    [Tier2 In-place Quant] 11 cols -> 8-bit Fake Quant, rel_err=0.003681
    [Summary] Outlier total: 15 (Tier1 FP16: 4, Tier2 INT8: 11) | Base INT3: 8177
Quantizing model.layers.65.self_attn.v_proj (Allocated Outlier Cols=10)
    [Tier2 In-place Quant] 11 cols -> 8-bit Fake Quant, rel_err=0.003837
    [Summary] Outlier total: 15 (Tier1 FP16: 4, Tier2 INT8: 11) | Base INT3: 8177
Quantizing model.layers.65.self_attn.o_proj (Allocated Outlier Cols=8)
    [Tier2 In-place Quant] 8 cols -> 8-bit Fake Quant, rel_err=0.003163
    [Summary] Outlier total: 12 (Tier1 FP16: 4, Tier2 INT8: 8) | Base INT3: 8180
Quantizing model.layers.65.mlp.up_proj (Allocated Outlier Cols=8)
    [Tier2 In-place Quant] 8 cols -> 8-bit Fake Quant, rel_err=0.003359
    [Summary] Outlier total: 12 (Tier1 FP16: 4, Tier2 INT8: 8) | Base INT3: 8180
Quantizing model.layers.65.mlp.gate_proj (Allocated Outlier Cols=8)
    [Tier2 In-place Quant] 8 cols -> 8-bit Fake Quant, rel_err=0.003355
    [Summary] Outlier total: 12 (Tier1 FP16: 4, Tier2 INT8: 8) | Base INT3: 8180
Quantizing model.layers.65.mlp.down_proj (Allocated Outlier Cols=14)
    [Tier2 In-place Quant] 15 cols -> 8-bit Fake Quant, rel_err=0.004079
    [Summary] Outlier total: 21 (Tier1 FP16: 6, Tier2 INT8: 15) | Base INT3: 28651
Quantizing model.layers.66.self_attn.q_proj (Allocated Outlier Cols=12)
    [Tier2 In-place Quant] 13 cols -> 8-bit Fake Quant, rel_err=0.003906
    [Summary] Outlier total: 18 (Tier1 FP16: 5, Tier2 INT8: 13) | Base INT3: 8174
Quantizing model.layers.66.self_attn.k_proj (Allocated Outlier Cols=10)
    [Tier2 In-place Quant] 11 cols -> 8-bit Fake Quant, rel_err=0.003703
    [Summary] Outlier total: 15 (Tier1 FP16: 4, Tier2 INT8: 11) | Base INT3: 8177
Quantizing model.layers.66.self_attn.v_proj (Allocated Outlier Cols=10)
    [Tier2 In-place Quant] 11 cols -> 8-bit Fake Quant, rel_err=0.003871
    [Summary] Outlier total: 15 (Tier1 FP16: 4, Tier2 INT8: 11) | Base INT3: 8177
Quantizing model.layers.66.self_attn.o_proj (Allocated Outlier Cols=8)
    [Tier2 In-place Quant] 8 cols -> 8-bit Fake Quant, rel_err=0.003307
    [Summary] Outlier total: 12 (Tier1 FP16: 4, Tier2 INT8: 8) | Base INT3: 8180
Quantizing model.layers.66.mlp.up_proj (Allocated Outlier Cols=8)
    [Tier2 In-place Quant] 8 cols -> 8-bit Fake Quant, rel_err=0.003357
    [Summary] Outlier total: 12 (Tier1 FP16: 4, Tier2 INT8: 8) | Base INT3: 8180
Quantizing model.layers.66.mlp.gate_proj (Allocated Outlier Cols=8)
    [Tier2 In-place Quant] 8 cols -> 8-bit Fake Quant, rel_err=0.003422
    [Summary] Outlier total: 12 (Tier1 FP16: 4, Tier2 INT8: 8) | Base INT3: 8180
Quantizing model.layers.66.mlp.down_proj (Allocated Outlier Cols=16)
    [Tier2 In-place Quant] 17 cols -> 8-bit Fake Quant, rel_err=0.004216
    [Summary] Outlier total: 24 (Tier1 FP16: 7, Tier2 INT8: 17) | Base INT3: 28648
Quantizing model.layers.67.self_attn.q_proj (Allocated Outlier Cols=10)
    [Tier2 In-place Quant] 11 cols -> 8-bit Fake Quant, rel_err=0.003780
    [Summary] Outlier total: 15 (Tier1 FP16: 4, Tier2 INT8: 11) | Base INT3: 8177
Quantizing model.layers.67.self_attn.k_proj (Allocated Outlier Cols=10)
    [Tier2 In-place Quant] 11 cols -> 8-bit Fake Quant, rel_err=0.003713
    [Summary] Outlier total: 15 (Tier1 FP16: 4, Tier2 INT8: 11) | Base INT3: 8177
Quantizing model.layers.67.self_attn.v_proj (Allocated Outlier Cols=10)
    [Tier2 In-place Quant] 11 cols -> 8-bit Fake Quant, rel_err=0.003847
    [Summary] Outlier total: 15 (Tier1 FP16: 4, Tier2 INT8: 11) | Base INT3: 8177
Quantizing model.layers.67.self_attn.o_proj (Allocated Outlier Cols=8)
    [Tier2 In-place Quant] 8 cols -> 8-bit Fake Quant, rel_err=0.003261
    [Summary] Outlier total: 12 (Tier1 FP16: 4, Tier2 INT8: 8) | Base INT3: 8180
Quantizing model.layers.67.mlp.up_proj (Allocated Outlier Cols=8)
    [Tier2 In-place Quant] 8 cols -> 8-bit Fake Quant, rel_err=0.003366
    [Summary] Outlier total: 12 (Tier1 FP16: 4, Tier2 INT8: 8) | Base INT3: 8180
Quantizing model.layers.67.mlp.gate_proj (Allocated Outlier Cols=8)
    [Tier2 In-place Quant] 8 cols -> 8-bit Fake Quant, rel_err=0.003376
    [Summary] Outlier total: 12 (Tier1 FP16: 4, Tier2 INT8: 8) | Base INT3: 8180
Quantizing model.layers.67.mlp.down_proj (Allocated Outlier Cols=16)
    [Tier2 In-place Quant] 17 cols -> 8-bit Fake Quant, rel_err=0.004167
    [Summary] Outlier total: 24 (Tier1 FP16: 7, Tier2 INT8: 17) | Base INT3: 28648
Quantizing model.layers.68.self_attn.q_proj (Allocated Outlier Cols=14)
    [Tier2 In-place Quant] 15 cols -> 8-bit Fake Quant, rel_err=0.004052
    [Summary] Outlier total: 21 (Tier1 FP16: 6, Tier2 INT8: 15) | Base INT3: 8171
Quantizing model.layers.68.self_attn.k_proj (Allocated Outlier Cols=12)
    [Tier2 In-place Quant] 13 cols -> 8-bit Fake Quant, rel_err=0.003894
    [Summary] Outlier total: 18 (Tier1 FP16: 5, Tier2 INT8: 13) | Base INT3: 8174
Quantizing model.layers.68.self_attn.v_proj (Allocated Outlier Cols=12)
    [Tier2 In-place Quant] 13 cols -> 8-bit Fake Quant, rel_err=0.004090
    [Summary] Outlier total: 18 (Tier1 FP16: 5, Tier2 INT8: 13) | Base INT3: 8174
Quantizing model.layers.68.self_attn.o_proj (Allocated Outlier Cols=8)
    [Tier2 In-place Quant] 8 cols -> 8-bit Fake Quant, rel_err=0.003183
    [Summary] Outlier total: 12 (Tier1 FP16: 4, Tier2 INT8: 8) | Base INT3: 8180
Quantizing model.layers.68.mlp.up_proj (Allocated Outlier Cols=8)
    [Tier2 In-place Quant] 8 cols -> 8-bit Fake Quant, rel_err=0.003327
    [Summary] Outlier total: 12 (Tier1 FP16: 4, Tier2 INT8: 8) | Base INT3: 8180
Quantizing model.layers.68.mlp.gate_proj (Allocated Outlier Cols=8)
    [Tier2 In-place Quant] 8 cols -> 8-bit Fake Quant, rel_err=0.003393
    [Summary] Outlier total: 12 (Tier1 FP16: 4, Tier2 INT8: 8) | Base INT3: 8180
Quantizing model.layers.68.mlp.down_proj (Allocated Outlier Cols=14)
    [Tier2 In-place Quant] 15 cols -> 8-bit Fake Quant, rel_err=0.004062
    [Summary] Outlier total: 21 (Tier1 FP16: 6, Tier2 INT8: 15) | Base INT3: 28651
Quantizing model.layers.69.self_attn.q_proj (Allocated Outlier Cols=14)
    [Tier2 In-place Quant] 15 cols -> 8-bit Fake Quant, rel_err=0.004132
    [Summary] Outlier total: 21 (Tier1 FP16: 6, Tier2 INT8: 15) | Base INT3: 8171
Quantizing model.layers.69.self_attn.k_proj (Allocated Outlier Cols=12)
    [Tier2 In-place Quant] 13 cols -> 8-bit Fake Quant, rel_err=0.003891
    [Summary] Outlier total: 18 (Tier1 FP16: 5, Tier2 INT8: 13) | Base INT3: 8174
Quantizing model.layers.69.self_attn.v_proj (Allocated Outlier Cols=12)
    [Tier2 In-place Quant] 13 cols -> 8-bit Fake Quant, rel_err=0.004017
    [Summary] Outlier total: 18 (Tier1 FP16: 5, Tier2 INT8: 13) | Base INT3: 8174
Quantizing model.layers.69.self_attn.o_proj (Allocated Outlier Cols=10)
    [Tier2 In-place Quant] 11 cols -> 8-bit Fake Quant, rel_err=0.003746
    [Summary] Outlier total: 15 (Tier1 FP16: 4, Tier2 INT8: 11) | Base INT3: 8177
Quantizing model.layers.69.mlp.up_proj (Allocated Outlier Cols=8)
    [Tier2 In-place Quant] 8 cols -> 8-bit Fake Quant, rel_err=0.003363
    [Summary] Outlier total: 12 (Tier1 FP16: 4, Tier2 INT8: 8) | Base INT3: 8180
Quantizing model.layers.69.mlp.gate_proj (Allocated Outlier Cols=8)
    [Tier2 In-place Quant] 8 cols -> 8-bit Fake Quant, rel_err=0.003334
    [Summary] Outlier total: 12 (Tier1 FP16: 4, Tier2 INT8: 8) | Base INT3: 8180
Quantizing model.layers.69.mlp.down_proj (Allocated Outlier Cols=12)
    [Tier2 In-place Quant] 13 cols -> 8-bit Fake Quant, rel_err=0.003913
    [Summary] Outlier total: 18 (Tier1 FP16: 5, Tier2 INT8: 13) | Base INT3: 28654
Quantizing model.layers.70.self_attn.q_proj (Allocated Outlier Cols=14)
    [Tier2 In-place Quant] 15 cols -> 8-bit Fake Quant, rel_err=0.004094
    [Summary] Outlier total: 21 (Tier1 FP16: 6, Tier2 INT8: 15) | Base INT3: 8171
Quantizing model.layers.70.self_attn.k_proj (Allocated Outlier Cols=12)
    [Tier2 In-place Quant] 13 cols -> 8-bit Fake Quant, rel_err=0.003873
    [Summary] Outlier total: 18 (Tier1 FP16: 5, Tier2 INT8: 13) | Base INT3: 8174
Quantizing model.layers.70.self_attn.v_proj (Allocated Outlier Cols=10)
    [Tier2 In-place Quant] 11 cols -> 8-bit Fake Quant, rel_err=0.003764
    [Summary] Outlier total: 15 (Tier1 FP16: 4, Tier2 INT8: 11) | Base INT3: 8177
Quantizing model.layers.70.self_attn.o_proj (Allocated Outlier Cols=8)
    [Tier2 In-place Quant] 8 cols -> 8-bit Fake Quant, rel_err=0.003346
    [Summary] Outlier total: 12 (Tier1 FP16: 4, Tier2 INT8: 8) | Base INT3: 8180
Quantizing model.layers.70.mlp.up_proj (Allocated Outlier Cols=8)
    [Tier2 In-place Quant] 8 cols -> 8-bit Fake Quant, rel_err=0.003359
    [Summary] Outlier total: 12 (Tier1 FP16: 4, Tier2 INT8: 8) | Base INT3: 8180
Quantizing model.layers.70.mlp.gate_proj (Allocated Outlier Cols=8)
    [Tier2 In-place Quant] 8 cols -> 8-bit Fake Quant, rel_err=0.003396
    [Summary] Outlier total: 12 (Tier1 FP16: 4, Tier2 INT8: 8) | Base INT3: 8180
Quantizing model.layers.70.mlp.down_proj (Allocated Outlier Cols=14)
    [Tier2 In-place Quant] 15 cols -> 8-bit Fake Quant, rel_err=0.004037
    [Summary] Outlier total: 21 (Tier1 FP16: 6, Tier2 INT8: 15) | Base INT3: 28651
Quantizing model.layers.71.self_attn.q_proj (Allocated Outlier Cols=14)
    [Tier2 In-place Quant] 15 cols -> 8-bit Fake Quant, rel_err=0.004075
    [Summary] Outlier total: 21 (Tier1 FP16: 6, Tier2 INT8: 15) | Base INT3: 8171
Quantizing model.layers.71.self_attn.k_proj (Allocated Outlier Cols=12)
    [Tier2 In-place Quant] 13 cols -> 8-bit Fake Quant, rel_err=0.003922
    [Summary] Outlier total: 18 (Tier1 FP16: 5, Tier2 INT8: 13) | Base INT3: 8174
Quantizing model.layers.71.self_attn.v_proj (Allocated Outlier Cols=12)
    [Tier2 In-place Quant] 13 cols -> 8-bit Fake Quant, rel_err=0.003998
    [Summary] Outlier total: 18 (Tier1 FP16: 5, Tier2 INT8: 13) | Base INT3: 8174
Quantizing model.layers.71.self_attn.o_proj (Allocated Outlier Cols=8)
    [Tier2 In-place Quant] 8 cols -> 8-bit Fake Quant, rel_err=0.003349
    [Summary] Outlier total: 12 (Tier1 FP16: 4, Tier2 INT8: 8) | Base INT3: 8180
Quantizing model.layers.71.mlp.up_proj (Allocated Outlier Cols=8)
    [Tier2 In-place Quant] 8 cols -> 8-bit Fake Quant, rel_err=0.003387
    [Summary] Outlier total: 12 (Tier1 FP16: 4, Tier2 INT8: 8) | Base INT3: 8180
Quantizing model.layers.71.mlp.gate_proj (Allocated Outlier Cols=8)
    [Tier2 In-place Quant] 8 cols -> 8-bit Fake Quant, rel_err=0.003378
    [Summary] Outlier total: 12 (Tier1 FP16: 4, Tier2 INT8: 8) | Base INT3: 8180
Quantizing model.layers.71.mlp.down_proj (Allocated Outlier Cols=18)
    [Tier2 In-place Quant] 19 cols -> 8-bit Fake Quant, rel_err=0.004277
    [Summary] Outlier total: 27 (Tier1 FP16: 8, Tier2 INT8: 19) | Base INT3: 28645
Quantizing model.layers.72.self_attn.q_proj (Allocated Outlier Cols=14)
    [Tier2 In-place Quant] 15 cols -> 8-bit Fake Quant, rel_err=0.004055
    [Summary] Outlier total: 21 (Tier1 FP16: 6, Tier2 INT8: 15) | Base INT3: 8171
Quantizing model.layers.72.self_attn.k_proj (Allocated Outlier Cols=12)
    [Tier2 In-place Quant] 13 cols -> 8-bit Fake Quant, rel_err=0.003905
    [Summary] Outlier total: 18 (Tier1 FP16: 5, Tier2 INT8: 13) | Base INT3: 8174
Quantizing model.layers.72.self_attn.v_proj (Allocated Outlier Cols=12)
    [Tier2 In-place Quant] 13 cols -> 8-bit Fake Quant, rel_err=0.003870
    [Summary] Outlier total: 18 (Tier1 FP16: 5, Tier2 INT8: 13) | Base INT3: 8174
Quantizing model.layers.72.self_attn.o_proj (Allocated Outlier Cols=8)
    [Tier2 In-place Quant] 8 cols -> 8-bit Fake Quant, rel_err=0.003349
    [Summary] Outlier total: 12 (Tier1 FP16: 4, Tier2 INT8: 8) | Base INT3: 8180
Quantizing model.layers.72.mlp.up_proj (Allocated Outlier Cols=8)
    [Tier2 In-place Quant] 8 cols -> 8-bit Fake Quant, rel_err=0.003373
    [Summary] Outlier total: 12 (Tier1 FP16: 4, Tier2 INT8: 8) | Base INT3: 8180
Quantizing model.layers.72.mlp.gate_proj (Allocated Outlier Cols=8)
    [Tier2 In-place Quant] 8 cols -> 8-bit Fake Quant, rel_err=0.003365
    [Summary] Outlier total: 12 (Tier1 FP16: 4, Tier2 INT8: 8) | Base INT3: 8180
Quantizing model.layers.72.mlp.down_proj (Allocated Outlier Cols=14)
    [Tier2 In-place Quant] 15 cols -> 8-bit Fake Quant, rel_err=0.004102
    [Summary] Outlier total: 21 (Tier1 FP16: 6, Tier2 INT8: 15) | Base INT3: 28651
Quantizing model.layers.73.self_attn.q_proj (Allocated Outlier Cols=14)
    [Tier2 In-place Quant] 15 cols -> 8-bit Fake Quant, rel_err=0.004063
    [Summary] Outlier total: 21 (Tier1 FP16: 6, Tier2 INT8: 15) | Base INT3: 8171
Quantizing model.layers.73.self_attn.k_proj (Allocated Outlier Cols=12)
    [Tier2 In-place Quant] 13 cols -> 8-bit Fake Quant, rel_err=0.003892
    [Summary] Outlier total: 18 (Tier1 FP16: 5, Tier2 INT8: 13) | Base INT3: 8174
Quantizing model.layers.73.self_attn.v_proj (Allocated Outlier Cols=12)
    [Tier2 In-place Quant] 13 cols -> 8-bit Fake Quant, rel_err=0.004031
    [Summary] Outlier total: 18 (Tier1 FP16: 5, Tier2 INT8: 13) | Base INT3: 8174
Quantizing model.layers.73.self_attn.o_proj (Allocated Outlier Cols=8)
    [Tier2 In-place Quant] 8 cols -> 8-bit Fake Quant, rel_err=0.003417
    [Summary] Outlier total: 12 (Tier1 FP16: 4, Tier2 INT8: 8) | Base INT3: 8180
Quantizing model.layers.73.mlp.up_proj (Allocated Outlier Cols=8)
    [Tier2 In-place Quant] 8 cols -> 8-bit Fake Quant, rel_err=0.003359
    [Summary] Outlier total: 12 (Tier1 FP16: 4, Tier2 INT8: 8) | Base INT3: 8180
Quantizing model.layers.73.mlp.gate_proj (Allocated Outlier Cols=8)
    [Tier2 In-place Quant] 8 cols -> 8-bit Fake Quant, rel_err=0.003361
    [Summary] Outlier total: 12 (Tier1 FP16: 4, Tier2 INT8: 8) | Base INT3: 8180
Quantizing model.layers.73.mlp.down_proj (Allocated Outlier Cols=16)
    [Tier2 In-place Quant] 17 cols -> 8-bit Fake Quant, rel_err=0.004220
    [Summary] Outlier total: 24 (Tier1 FP16: 7, Tier2 INT8: 17) | Base INT3: 28648
Quantizing model.layers.74.self_attn.q_proj (Allocated Outlier Cols=14)
    [Tier2 In-place Quant] 15 cols -> 8-bit Fake Quant, rel_err=0.004145
    [Summary] Outlier total: 21 (Tier1 FP16: 6, Tier2 INT8: 15) | Base INT3: 8171
Quantizing model.layers.74.self_attn.k_proj (Allocated Outlier Cols=12)
    [Tier2 In-place Quant] 13 cols -> 8-bit Fake Quant, rel_err=0.003923
    [Summary] Outlier total: 18 (Tier1 FP16: 5, Tier2 INT8: 13) | Base INT3: 8174
Quantizing model.layers.74.self_attn.v_proj (Allocated Outlier Cols=12)
    [Tier2 In-place Quant] 13 cols -> 8-bit Fake Quant, rel_err=0.004134
    [Summary] Outlier total: 18 (Tier1 FP16: 5, Tier2 INT8: 13) | Base INT3: 8174
Quantizing model.layers.74.self_attn.o_proj (Allocated Outlier Cols=8)
    [Tier2 In-place Quant] 8 cols -> 8-bit Fake Quant, rel_err=0.003609
    [Summary] Outlier total: 12 (Tier1 FP16: 4, Tier2 INT8: 8) | Base INT3: 8180
Quantizing model.layers.74.mlp.up_proj (Allocated Outlier Cols=8)
    [Tier2 In-place Quant] 8 cols -> 8-bit Fake Quant, rel_err=0.003312
    [Summary] Outlier total: 12 (Tier1 FP16: 4, Tier2 INT8: 8) | Base INT3: 8180
Quantizing model.layers.74.mlp.gate_proj (Allocated Outlier Cols=10)
    [Tier2 In-place Quant] 11 cols -> 8-bit Fake Quant, rel_err=0.003699
    [Summary] Outlier total: 15 (Tier1 FP16: 4, Tier2 INT8: 11) | Base INT3: 8177
Quantizing model.layers.74.mlp.down_proj (Allocated Outlier Cols=36)
    [Tier2 In-place Quant] 38 cols -> 8-bit Fake Quant, rel_err=0.005155
    [Summary] Outlier total: 54 (Tier1 FP16: 16, Tier2 INT8: 38) | Base INT3: 28618
Quantizing model.layers.75.self_attn.q_proj (Allocated Outlier Cols=14)
    [Tier2 In-place Quant] 15 cols -> 8-bit Fake Quant, rel_err=0.004100
    [Summary] Outlier total: 21 (Tier1 FP16: 6, Tier2 INT8: 15) | Base INT3: 8171
Quantizing model.layers.75.self_attn.k_proj (Allocated Outlier Cols=12)
    [Tier2 In-place Quant] 13 cols -> 8-bit Fake Quant, rel_err=0.003892
    [Summary] Outlier total: 18 (Tier1 FP16: 5, Tier2 INT8: 13) | Base INT3: 8174
Quantizing model.layers.75.self_attn.v_proj (Allocated Outlier Cols=12)
    [Tier2 In-place Quant] 13 cols -> 8-bit Fake Quant, rel_err=0.003925
    [Summary] Outlier total: 18 (Tier1 FP16: 5, Tier2 INT8: 13) | Base INT3: 8174
Quantizing model.layers.75.self_attn.o_proj (Allocated Outlier Cols=8)
    [Tier2 In-place Quant] 8 cols -> 8-bit Fake Quant, rel_err=0.003441
    [Summary] Outlier total: 12 (Tier1 FP16: 4, Tier2 INT8: 8) | Base INT3: 8180
Quantizing model.layers.75.mlp.up_proj (Allocated Outlier Cols=8)
    [Tier2 In-place Quant] 8 cols -> 8-bit Fake Quant, rel_err=0.003338
    [Summary] Outlier total: 12 (Tier1 FP16: 4, Tier2 INT8: 8) | Base INT3: 8180
Quantizing model.layers.75.mlp.gate_proj (Allocated Outlier Cols=10)
    [Tier2 In-place Quant] 11 cols -> 8-bit Fake Quant, rel_err=0.003744
    [Summary] Outlier total: 15 (Tier1 FP16: 4, Tier2 INT8: 11) | Base INT3: 8177
Quantizing model.layers.75.mlp.down_proj (Allocated Outlier Cols=22)
    [Tier2 In-place Quant] 23 cols -> 8-bit Fake Quant, rel_err=0.004774
    [Summary] Outlier total: 33 (Tier1 FP16: 10, Tier2 INT8: 23) | Base INT3: 28639
Quantizing model.layers.76.self_attn.q_proj (Allocated Outlier Cols=16)
    [Tier2 In-place Quant] 17 cols -> 8-bit Fake Quant, rel_err=0.004527
    [Summary] Outlier total: 24 (Tier1 FP16: 7, Tier2 INT8: 17) | Base INT3: 8168
Quantizing model.layers.76.self_attn.k_proj (Allocated Outlier Cols=12)
    [Tier2 In-place Quant] 13 cols -> 8-bit Fake Quant, rel_err=0.003913
    [Summary] Outlier total: 18 (Tier1 FP16: 5, Tier2 INT8: 13) | Base INT3: 8174
Quantizing model.layers.76.self_attn.v_proj (Allocated Outlier Cols=12)
    [Tier2 In-place Quant] 13 cols -> 8-bit Fake Quant, rel_err=0.004046
    [Summary] Outlier total: 18 (Tier1 FP16: 5, Tier2 INT8: 13) | Base INT3: 8174
Quantizing model.layers.76.self_attn.o_proj (Allocated Outlier Cols=10)
    [Tier2 In-place Quant] 11 cols -> 8-bit Fake Quant, rel_err=0.003763
    [Summary] Outlier total: 15 (Tier1 FP16: 4, Tier2 INT8: 11) | Base INT3: 8177
Quantizing model.layers.76.mlp.up_proj (Allocated Outlier Cols=10)
    [Tier2 In-place Quant] 11 cols -> 8-bit Fake Quant, rel_err=0.003745
    [Summary] Outlier total: 15 (Tier1 FP16: 4, Tier2 INT8: 11) | Base INT3: 8177
Quantizing model.layers.76.mlp.gate_proj (Allocated Outlier Cols=10)
    [Tier2 In-place Quant] 11 cols -> 8-bit Fake Quant, rel_err=0.003749
    [Summary] Outlier total: 15 (Tier1 FP16: 4, Tier2 INT8: 11) | Base INT3: 8177
Quantizing model.layers.76.mlp.down_proj (Allocated Outlier Cols=22)
    [Tier2 In-place Quant] 23 cols -> 8-bit Fake Quant, rel_err=0.004943
    [Summary] Outlier total: 33 (Tier1 FP16: 10, Tier2 INT8: 23) | Base INT3: 28639
Quantizing model.layers.77.self_attn.q_proj (Allocated Outlier Cols=14)
    [Tier2 In-place Quant] 15 cols -> 8-bit Fake Quant, rel_err=0.004118
    [Summary] Outlier total: 21 (Tier1 FP16: 6, Tier2 INT8: 15) | Base INT3: 8171
Quantizing model.layers.77.self_attn.k_proj (Allocated Outlier Cols=12)
    [Tier2 In-place Quant] 13 cols -> 8-bit Fake Quant, rel_err=0.003943
    [Summary] Outlier total: 18 (Tier1 FP16: 5, Tier2 INT8: 13) | Base INT3: 8174
Quantizing model.layers.77.self_attn.v_proj (Allocated Outlier Cols=12)
    [Tier2 In-place Quant] 13 cols -> 8-bit Fake Quant, rel_err=0.003898
    [Summary] Outlier total: 18 (Tier1 FP16: 5, Tier2 INT8: 13) | Base INT3: 8174
Quantizing model.layers.77.self_attn.o_proj (Allocated Outlier Cols=8)
    [Tier2 In-place Quant] 8 cols -> 8-bit Fake Quant, rel_err=0.003397
    [Summary] Outlier total: 12 (Tier1 FP16: 4, Tier2 INT8: 8) | Base INT3: 8180
Quantizing model.layers.77.mlp.up_proj (Allocated Outlier Cols=8)
    [Tier2 In-place Quant] 8 cols -> 8-bit Fake Quant, rel_err=0.003426
    [Summary] Outlier total: 12 (Tier1 FP16: 4, Tier2 INT8: 8) | Base INT3: 8180
Quantizing model.layers.77.mlp.gate_proj (Allocated Outlier Cols=10)
    [Tier2 In-place Quant] 11 cols -> 8-bit Fake Quant, rel_err=0.003810
    [Summary] Outlier total: 15 (Tier1 FP16: 4, Tier2 INT8: 11) | Base INT3: 8177
Quantizing model.layers.77.mlp.down_proj (Allocated Outlier Cols=24)
    [Tier2 In-place Quant] 25 cols -> 8-bit Fake Quant, rel_err=0.005273
    [Summary] Outlier total: 36 (Tier1 FP16: 11, Tier2 INT8: 25) | Base INT3: 28636
Quantizing model.layers.78.self_attn.q_proj (Allocated Outlier Cols=14)
    [Tier2 In-place Quant] 15 cols -> 8-bit Fake Quant, rel_err=0.004120
    [Summary] Outlier total: 21 (Tier1 FP16: 6, Tier2 INT8: 15) | Base INT3: 8171
Quantizing model.layers.78.self_attn.k_proj (Allocated Outlier Cols=12)
    [Tier2 In-place Quant] 13 cols -> 8-bit Fake Quant, rel_err=0.003921
    [Summary] Outlier total: 18 (Tier1 FP16: 5, Tier2 INT8: 13) | Base INT3: 8174
Quantizing model.layers.78.self_attn.v_proj (Allocated Outlier Cols=12)
    [Tier2 In-place Quant] 13 cols -> 8-bit Fake Quant, rel_err=0.004094
    [Summary] Outlier total: 18 (Tier1 FP16: 5, Tier2 INT8: 13) | Base INT3: 8174
Quantizing model.layers.78.self_attn.o_proj (Allocated Outlier Cols=8)
    [Tier2 In-place Quant] 8 cols -> 8-bit Fake Quant, rel_err=0.003376
    [Summary] Outlier total: 12 (Tier1 FP16: 4, Tier2 INT8: 8) | Base INT3: 8180
Quantizing model.layers.78.mlp.up_proj (Allocated Outlier Cols=8)
    [Tier2 In-place Quant] 8 cols -> 8-bit Fake Quant, rel_err=0.003411
    [Summary] Outlier total: 12 (Tier1 FP16: 4, Tier2 INT8: 8) | Base INT3: 8180
Quantizing model.layers.78.mlp.gate_proj (Allocated Outlier Cols=8)
    [Tier2 In-place Quant] 8 cols -> 8-bit Fake Quant, rel_err=0.003374
    [Summary] Outlier total: 12 (Tier1 FP16: 4, Tier2 INT8: 8) | Base INT3: 8180
Quantizing model.layers.78.mlp.down_proj (Allocated Outlier Cols=34)
    [Tier2 In-place Quant] 36 cols -> 8-bit Fake Quant, rel_err=0.005883
    [Summary] Outlier total: 51 (Tier1 FP16: 15, Tier2 INT8: 36) | Base INT3: 28621
Quantizing model.layers.79.self_attn.q_proj (Allocated Outlier Cols=14)
    [Tier2 In-place Quant] 15 cols -> 8-bit Fake Quant, rel_err=0.004113
    [Summary] Outlier total: 21 (Tier1 FP16: 6, Tier2 INT8: 15) | Base INT3: 8171
Quantizing model.layers.79.self_attn.k_proj (Allocated Outlier Cols=12)
    [Tier2 In-place Quant] 13 cols -> 8-bit Fake Quant, rel_err=0.003887
    [Summary] Outlier total: 18 (Tier1 FP16: 5, Tier2 INT8: 13) | Base INT3: 8174
Quantizing model.layers.79.self_attn.v_proj (Allocated Outlier Cols=10)
    [Tier2 In-place Quant] 11 cols -> 8-bit Fake Quant, rel_err=0.003876
    [Summary] Outlier total: 15 (Tier1 FP16: 4, Tier2 INT8: 11) | Base INT3: 8177
Quantizing model.layers.79.self_attn.o_proj (Allocated Outlier Cols=8)
    [Tier2 In-place Quant] 8 cols -> 8-bit Fake Quant, rel_err=0.003405
    [Summary] Outlier total: 12 (Tier1 FP16: 4, Tier2 INT8: 8) | Base INT3: 8180
Quantizing model.layers.79.mlp.up_proj (Allocated Outlier Cols=8)
    [Tier2 In-place Quant] 8 cols -> 8-bit Fake Quant, rel_err=0.003330
    [Summary] Outlier total: 12 (Tier1 FP16: 4, Tier2 INT8: 8) | Base INT3: 8180
Quantizing model.layers.79.mlp.gate_proj (Allocated Outlier Cols=8)
    [Tier2 In-place Quant] 8 cols -> 8-bit Fake Quant, rel_err=0.003382
    [Summary] Outlier total: 12 (Tier1 FP16: 4, Tier2 INT8: 8) | Base INT3: 8180
Quantizing model.layers.79.mlp.down_proj (Allocated Outlier Cols=32)
    [Tier2 In-place Quant] 34 cols -> 8-bit Fake Quant, rel_err=0.006018
    [Summary] Outlier total: 48 (Tier1 FP16: 14, Tier2 INT8: 34) | Base INT3: 28624
Running Time : 8814.5s
Evaluated Dataset: wikitext2
Evaluating PPL...
  0%|          | 0/80 [00:00<?, ?it/s]  1%|▏         | 1/80 [00:02<03:53,  2.96s/it]  2%|▎         | 2/80 [00:07<04:45,  3.66s/it]  4%|▍         | 3/80 [00:10<04:31,  3.53s/it]  5%|▌         | 4/80 [00:13<04:27,  3.52s/it]  6%|▋         | 5/80 [00:17<04:31,  3.62s/it]  8%|▊         | 6/80 [00:21<04:32,  3.68s/it]  9%|▉         | 7/80 [00:25<04:30,  3.71s/it] 10%|█         | 8/80 [00:29<04:28,  3.74s/it] 11%|█▏        | 9/80 [00:32<04:19,  3.66s/it] 12%|█▎        | 10/80 [00:36<04:11,  3.59s/it] 14%|█▍        | 11/80 [00:39<04:05,  3.55s/it] 15%|█▌        | 12/80 [00:42<03:57,  3.49s/it] 16%|█▋        | 13/80 [00:46<03:49,  3.43s/it] 18%|█▊        | 14/80 [00:49<03:43,  3.39s/it] 19%|█▉        | 15/80 [00:52<03:38,  3.36s/it] 20%|██        | 16/80 [00:56<03:34,  3.35s/it] 21%|██▏       | 17/80 [00:59<03:29,  3.32s/it] 22%|██▎       | 18/80 [01:02<03:25,  3.31s/it] 24%|██▍       | 19/80 [01:05<03:21,  3.30s/it] 25%|██▌       | 20/80 [01:09<03:17,  3.29s/it] 26%|██▋       | 21/80 [01:12<03:13,  3.28s/it] 28%|██▊       | 22/80 [01:15<03:09,  3.27s/it] 29%|██▉       | 23/80 [01:18<03:06,  3.27s/it] 30%|███       | 24/80 [01:23<03:18,  3.54s/it] 31%|███▏      | 25/80 [01:27<03:22,  3.68s/it] 32%|███▎      | 26/80 [01:31<03:24,  3.78s/it] 34%|███▍      | 27/80 [01:35<03:24,  3.85s/it] 35%|███▌      | 28/80 [01:38<03:14,  3.74s/it] 36%|███▋      | 29/80 [01:42<03:07,  3.67s/it] 38%|███▊      | 30/80 [01:45<03:02,  3.66s/it] 39%|███▉      | 31/80 [01:49<02:54,  3.56s/it] 40%|████      | 32/80 [01:52<02:46,  3.47s/it] 41%|████▏     | 33/80 [01:55<02:40,  3.41s/it] 42%|████▎     | 34/80 [01:58<02:35,  3.37s/it] 44%|████▍     | 35/80 [02:02<02:30,  3.34s/it] 45%|████▌     | 36/80 [02:05<02:25,  3.31s/it] 46%|████▋     | 37/80 [02:08<02:21,  3.29s/it] 48%|████▊     | 38/80 [02:11<02:17,  3.28s/it] 49%|████▉     | 39/80 [02:15<02:14,  3.27s/it] 50%|█████     | 40/80 [02:18<02:10,  3.27s/it] 51%|█████▏    | 41/80 [02:21<02:07,  3.27s/it] 52%|█████▎    | 42/80 [02:25<02:04,  3.28s/it] 54%|█████▍    | 43/80 [02:28<02:01,  3.28s/it] 55%|█████▌    | 44/80 [02:31<01:58,  3.28s/it] 56%|█████▋    | 45/80 [02:34<01:55,  3.29s/it] 57%|█████▊    | 46/80 [02:38<01:51,  3.29s/it] 59%|█████▉    | 47/80 [02:41<01:48,  3.30s/it] 60%|██████    | 48/80 [02:44<01:45,  3.30s/it] 61%|██████▏   | 49/80 [02:48<01:44,  3.38s/it] 62%|██████▎   | 50/80 [02:51<01:41,  3.39s/it] 64%|██████▍   | 51/80 [02:55<01:38,  3.41s/it] 65%|██████▌   | 52/80 [02:58<01:36,  3.44s/it] 66%|██████▋   | 53/80 [03:02<01:33,  3.46s/it] 68%|██████▊   | 54/80 [03:05<01:31,  3.50s/it] 69%|██████▉   | 55/80 [03:09<01:26,  3.47s/it] 70%|███████   | 56/80 [03:12<01:24,  3.52s/it] 71%|███████▏  | 57/80 [03:16<01:21,  3.53s/it] 72%|███████▎  | 58/80 [03:19<01:17,  3.52s/it] 74%|███████▍  | 59/80 [03:23<01:13,  3.48s/it] 75%|███████▌  | 60/80 [03:26<01:09,  3.45s/it] 76%|███████▋  | 61/80 [03:29<01:04,  3.40s/it] 78%|███████▊  | 62/80 [03:33<01:00,  3.36s/it] 79%|███████▉  | 63/80 [03:36<00:57,  3.37s/it] 80%|████████  | 64/80 [03:39<00:53,  3.35s/it] 81%|████████▏ | 65/80 [03:43<00:50,  3.34s/it] 82%|████████▎ | 66/80 [03:46<00:46,  3.36s/it] 84%|████████▍ | 67/80 [03:49<00:43,  3.34s/it] 85%|████████▌ | 68/80 [03:53<00:40,  3.36s/it] 86%|████████▋ | 69/80 [03:56<00:36,  3.35s/it] 88%|████████▊ | 70/80 [04:00<00:33,  3.34s/it] 89%|████████▉ | 71/80 [04:03<00:30,  3.34s/it] 90%|█████████ | 72/80 [04:06<00:26,  3.36s/it] 91%|█████████▏| 73/80 [04:10<00:23,  3.34s/it] 92%|█████████▎| 74/80 [04:13<00:19,  3.32s/it] 94%|█████████▍| 75/80 [04:16<00:16,  3.31s/it] 95%|█████████▌| 76/80 [04:19<00:13,  3.30s/it] 96%|█████████▋| 77/80 [04:23<00:09,  3.29s/it] 98%|█████████▊| 78/80 [04:27<00:07,  3.53s/it] 99%|█████████▉| 79/80 [04:31<00:03,  3.68s/it]100%|██████████| 80/80 [04:35<00:00,  3.78s/it]100%|██████████| 80/80 [04:35<00:00,  3.44s/it]
PPL: 3.6322
Evaluated Dataset: ptb
Evaluating PPL...
  0%|          | 0/80 [00:00<?, ?it/s]  1%|▏         | 1/80 [00:01<02:05,  1.59s/it]  2%|▎         | 2/80 [00:04<02:56,  2.27s/it]  4%|▍         | 3/80 [00:07<03:10,  2.48s/it]  5%|▌         | 4/80 [00:09<03:17,  2.60s/it]  6%|▋         | 5/80 [00:12<03:11,  2.56s/it]  8%|▊         | 6/80 [00:14<03:11,  2.59s/it]  9%|▉         | 7/80 [00:17<03:10,  2.61s/it] 10%|█         | 8/80 [00:19<02:56,  2.45s/it] 11%|█▏        | 9/80 [00:21<02:47,  2.36s/it] 12%|█▎        | 10/80 [00:24<02:40,  2.30s/it] 14%|█▍        | 11/80 [00:26<02:33,  2.22s/it] 15%|█▌        | 12/80 [00:28<02:27,  2.17s/it] 16%|█▋        | 13/80 [00:30<02:23,  2.15s/it] 18%|█▊        | 14/80 [00:32<02:20,  2.12s/it] 19%|█▉        | 15/80 [00:34<02:16,  2.11s/it] 20%|██        | 16/80 [00:36<02:13,  2.09s/it] 21%|██▏       | 17/80 [00:38<02:10,  2.08s/it] 22%|██▎       | 18/80 [00:40<02:08,  2.07s/it] 24%|██▍       | 19/80 [00:42<02:05,  2.06s/it] 25%|██▌       | 20/80 [00:44<02:03,  2.06s/it] 26%|██▋       | 21/80 [00:46<02:01,  2.06s/it] 28%|██▊       | 22/80 [00:48<01:59,  2.06s/it] 29%|██▉       | 23/80 [00:50<01:58,  2.08s/it] 30%|███       | 24/80 [00:53<01:57,  2.09s/it] 31%|███▏      | 25/80 [00:55<01:55,  2.10s/it] 32%|███▎      | 26/80 [00:57<01:53,  2.11s/it] 34%|███▍      | 27/80 [00:59<01:51,  2.11s/it] 35%|███▌      | 28/80 [01:01<01:49,  2.11s/it] 36%|███▋      | 29/80 [01:03<01:47,  2.11s/it] 38%|███▊      | 30/80 [01:05<01:43,  2.07s/it] 39%|███▉      | 31/80 [01:07<01:40,  2.05s/it] 40%|████      | 32/80 [01:09<01:37,  2.03s/it] 41%|████▏     | 33/80 [01:11<01:34,  2.02s/it] 42%|████▎     | 34/80 [01:13<01:32,  2.01s/it] 44%|████▍     | 35/80 [01:15<01:30,  2.00s/it] 45%|████▌     | 36/80 [01:17<01:27,  2.00s/it] 46%|████▋     | 37/80 [01:19<01:25,  2.00s/it] 48%|████▊     | 38/80 [01:21<01:25,  2.02s/it] 49%|████▉     | 39/80 [01:23<01:23,  2.05s/it] 50%|█████     | 40/80 [01:25<01:22,  2.05s/it] 51%|█████▏    | 41/80 [01:27<01:19,  2.04s/it] 52%|█████▎    | 42/80 [01:29<01:17,  2.04s/it] 54%|█████▍    | 43/80 [01:31<01:14,  2.02s/it] 55%|█████▌    | 44/80 [01:33<01:12,  2.00s/it] 56%|█████▋    | 45/80 [01:35<01:09,  2.00s/it] 57%|█████▊    | 46/80 [01:37<01:07,  1.99s/it] 59%|█████▉    | 47/80 [01:39<01:05,  1.99s/it] 60%|██████    | 48/80 [01:41<01:03,  1.99s/it] 61%|██████▏   | 49/80 [01:43<01:01,  1.98s/it] 62%|██████▎   | 50/80 [01:45<00:59,  1.98s/it] 64%|██████▍   | 51/80 [01:47<00:57,  1.98s/it] 65%|██████▌   | 52/80 [01:49<00:55,  1.98s/it] 66%|██████▋   | 53/80 [01:51<00:53,  1.98s/it] 68%|██████▊   | 54/80 [01:53<00:51,  1.97s/it] 69%|██████▉   | 55/80 [01:55<00:49,  1.98s/it] 70%|███████   | 56/80 [01:57<00:47,  1.97s/it] 71%|███████▏  | 57/80 [01:59<00:45,  1.99s/it] 72%|███████▎  | 58/80 [02:02<00:48,  2.20s/it] 74%|███████▍  | 59/80 [02:04<00:49,  2.34s/it] 75%|███████▌  | 60/80 [02:07<00:48,  2.43s/it] 76%|███████▋  | 61/80 [02:10<00:47,  2.51s/it] 78%|███████▊  | 62/80 [02:12<00:43,  2.42s/it] 79%|███████▉  | 63/80 [02:14<00:39,  2.33s/it] 80%|████████  | 64/80 [02:16<00:36,  2.28s/it] 81%|████████▏ | 65/80 [02:18<00:33,  2.23s/it] 82%|████████▎ | 66/80 [02:20<00:30,  2.20s/it] 84%|████████▍ | 67/80 [02:23<00:28,  2.17s/it] 85%|████████▌ | 68/80 [02:25<00:25,  2.13s/it] 86%|████████▋ | 69/80 [02:27<00:23,  2.12s/it] 88%|████████▊ | 70/80 [02:29<00:20,  2.09s/it] 89%|████████▉ | 71/80 [02:31<00:18,  2.06s/it] 90%|█████████ | 72/80 [02:33<00:16,  2.08s/it] 91%|█████████▏| 73/80 [02:35<00:15,  2.16s/it] 92%|█████████▎| 74/80 [02:37<00:13,  2.20s/it] 94%|█████████▍| 75/80 [02:40<00:10,  2.18s/it] 95%|█████████▌| 76/80 [02:42<00:09,  2.29s/it] 96%|█████████▋| 77/80 [02:45<00:06,  2.32s/it] 98%|█████████▊| 78/80 [02:47<00:04,  2.25s/it] 99%|█████████▉| 79/80 [02:49<00:02,  2.20s/it]100%|██████████| 80/80 [02:51<00:00,  2.18s/it]100%|██████████| 80/80 [02:51<00:00,  2.14s/it]
PPL: 7.2750
Evaluated Dataset: c4
Evaluating PPL...
  0%|          | 0/80 [00:00<?, ?it/s]  1%|▏         | 1/80 [00:04<05:47,  4.40s/it]  2%|▎         | 2/80 [00:09<06:04,  4.67s/it]  4%|▍         | 3/80 [00:14<06:04,  4.73s/it]  5%|▌         | 4/80 [00:18<05:59,  4.73s/it]  6%|▋         | 5/80 [00:23<05:55,  4.74s/it]  8%|▊         | 6/80 [00:28<05:51,  4.74s/it]  9%|▉         | 7/80 [00:33<05:47,  4.76s/it] 10%|█         | 8/80 [00:37<05:43,  4.77s/it] 11%|█▏        | 9/80 [00:42<05:39,  4.78s/it] 12%|█▎        | 10/80 [00:47<05:35,  4.79s/it] 14%|█▍        | 11/80 [00:52<05:30,  4.79s/it] 15%|█▌        | 12/80 [00:57<05:29,  4.85s/it] 16%|█▋        | 13/80 [01:02<05:24,  4.84s/it] 18%|█▊        | 14/80 [01:06<05:17,  4.81s/it] 19%|█▉        | 15/80 [01:11<05:11,  4.79s/it] 20%|██        | 16/80 [01:16<05:05,  4.78s/it] 21%|██▏       | 17/80 [01:21<05:00,  4.77s/it] 22%|██▎       | 18/80 [01:25<04:55,  4.76s/it] 24%|██▍       | 19/80 [01:30<04:49,  4.75s/it] 25%|██▌       | 20/80 [01:35<04:44,  4.75s/it] 26%|██▋       | 21/80 [01:40<04:39,  4.74s/it] 28%|██▊       | 22/80 [01:44<04:34,  4.74s/it] 29%|██▉       | 23/80 [01:49<04:30,  4.74s/it] 30%|███       | 24/80 [01:54<04:25,  4.74s/it] 31%|███▏      | 25/80 [01:58<04:21,  4.75s/it] 32%|███▎      | 26/80 [02:03<04:16,  4.75s/it] 34%|███▍      | 27/80 [02:08<04:12,  4.76s/it] 35%|███▌      | 28/80 [02:13<04:07,  4.76s/it] 36%|███▋      | 29/80 [02:18<04:04,  4.80s/it] 38%|███▊      | 30/80 [02:22<04:00,  4.80s/it] 39%|███▉      | 31/80 [02:27<03:54,  4.79s/it] 40%|████      | 32/80 [02:32<03:48,  4.77s/it] 41%|████▏     | 33/80 [02:37<03:43,  4.76s/it] 42%|████▎     | 34/80 [02:41<03:38,  4.75s/it] 44%|████▍     | 35/80 [02:46<03:33,  4.74s/it] 45%|████▌     | 36/80 [02:51<03:28,  4.74s/it] 46%|████▋     | 37/80 [02:56<03:23,  4.74s/it] 48%|████▊     | 38/80 [03:00<03:18,  4.73s/it] 49%|████▉     | 39/80 [03:05<03:13,  4.73s/it] 50%|█████     | 40/80 [03:10<03:09,  4.73s/it] 51%|█████▏    | 41/80 [03:15<03:04,  4.73s/it] 52%|█████▎    | 42/80 [03:19<03:00,  4.74s/it] 54%|█████▍    | 43/80 [03:24<02:55,  4.75s/it] 55%|█████▌    | 44/80 [03:29<02:50,  4.74s/it] 56%|█████▋    | 45/80 [03:34<02:45,  4.74s/it] 57%|█████▊    | 46/80 [03:38<02:41,  4.74s/it] 59%|█████▉    | 47/80 [03:43<02:36,  4.74s/it] 60%|██████    | 48/80 [03:48<02:31,  4.74s/it] 61%|██████▏   | 49/80 [03:52<02:26,  4.73s/it] 62%|██████▎   | 50/80 [03:57<02:21,  4.73s/it] 64%|██████▍   | 51/80 [04:02<02:17,  4.73s/it] 65%|██████▌   | 52/80 [04:07<02:12,  4.73s/it] 66%|██████▋   | 53/80 [04:11<02:07,  4.72s/it] 68%|██████▊   | 54/80 [04:16<02:02,  4.72s/it] 69%|██████▉   | 55/80 [04:21<01:58,  4.72s/it] 70%|███████   | 56/80 [04:25<01:53,  4.72s/it] 71%|███████▏  | 57/80 [04:30<01:48,  4.72s/it] 72%|███████▎  | 58/80 [04:35<01:44,  4.73s/it] 74%|███████▍  | 59/80 [04:40<01:39,  4.73s/it] 75%|███████▌  | 60/80 [04:44<01:34,  4.74s/it] 76%|███████▋  | 61/80 [04:49<01:30,  4.74s/it] 78%|███████▊  | 62/80 [04:54<01:25,  4.74s/it] 79%|███████▉  | 63/80 [04:59<01:20,  4.74s/it] 80%|████████  | 64/80 [05:03<01:15,  4.74s/it] 81%|████████▏ | 65/80 [05:08<01:11,  4.74s/it] 82%|████████▎ | 66/80 [05:13<01:06,  4.75s/it] 84%|████████▍ | 67/80 [05:18<01:01,  4.76s/it] 85%|████████▌ | 68/80 [05:22<00:57,  4.75s/it] 86%|████████▋ | 69/80 [05:27<00:52,  4.76s/it] 88%|████████▊ | 70/80 [05:32<00:47,  4.75s/it] 89%|████████▉ | 71/80 [05:37<00:42,  4.75s/it] 90%|█████████ | 72/80 [05:41<00:38,  4.75s/it] 91%|█████████▏| 73/80 [05:46<00:33,  4.76s/it] 92%|█████████▎| 74/80 [05:51<00:28,  4.79s/it] 94%|█████████▍| 75/80 [05:56<00:23,  4.80s/it] 95%|█████████▌| 76/80 [06:01<00:19,  4.82s/it] 96%|█████████▋| 77/80 [06:06<00:14,  4.87s/it] 98%|█████████▊| 78/80 [06:11<00:10,  5.04s/it] 99%|█████████▉| 79/80 [06:17<00:05,  5.16s/it]100%|██████████| 80/80 [06:22<00:00,  5.26s/it]100%|██████████| 80/80 [06:22<00:00,  4.78s/it]
PPL: 5.9273
fake quantized model is saved to /data-model/infer-r1/xujie/my_code/owq/log/llama2-70b-c4-v2_fake.pth
